lead_id,created_date,lead_source,campaign,contact_name,company_name,industry,country,city,estimated_deal_value_usd,lead_score,status,owner,converted_customer_id,converted_date
LEAD-0001,2025-11-21,Email,Referral Drive,Vy Vu,Insight Studio 501,E-commerce,Vietnam,Hanoi,8473.19,51,Qualified,Dung Pham,,
LEAD-0002,2025-01-09,LinkedIn,Referral Drive,Nam Le,Prime Media 502,Logistics,Vietnam,Ho Chi Minh City,10767.78,52,Negotiation,Huy Vo,,
LEAD-0003,2025-08-08,LinkedIn,ABM Campaign,Giang Bui,Global Retail 503,Education,Philippines,Manila,2946.81,60,Qualified,Khanh Do,,
LEAD-0004,2026-04-05,Website,Industry Webinar,Hung Vo,Smart Works 504,Logistics,Thailand,Bangkok,3794.56,75,Won,Huy Vo,CUST-0291,2026-04-08
LEAD-0005,2025-02-11,Referral,Cold Outreach,Lan Vo,Insight Systems 505,Manufacturing,Vietnam,Hanoi,5778.95,61,New,Huy Vo,,
LEAD-0006,2025-07-24,Webinar,Spring Promo,Ha Hoang,Viet Holdings 506,SaaS,Thailand,Bangkok,3470.32,96,Won,Dung Pham,CUST-0182,2025-09-06
LEAD-0007,2025-11-20,Event,Partner Co-Marketing,Vy Dang,Lotus Cloud 507,Hospitality,Vietnam,Hanoi,9836.24,56,New,Chi Le,,
LEAD-0008,2025-02-18,Referral,Q1 Outreach,Hung Bui,Insight Group 508,Manufacturing,Singapore,Singapore,6091.34,86,Contacted,Giang Ho,,
LEAD-0009,2026-03-10,Paid Ads,Cold Outreach,Hanh Le,Insight Foods 509,E-commerce,Malaysia,Kuala Lumpur,24155.39,52,New,Dung Pham,,
LEAD-0010,2025-02-10,Referral,Q1 Outreach,Duc Hoang,Titan Foods 510,Retail,Thailand,Bangkok,13936.63,67,New,Khanh Do,,
LEAD-0011,2025-09-24,LinkedIn,Q1 Outreach,Lan Vu,Alpha Solutions 511,Logistics,Singapore,Singapore,6119.22,60,New,Chi Le,,
LEAD-0012,2025-05-02,Event,Partner Co-Marketing,Trang Do,Viet Commerce 512,Real Estate,Singapore,Singapore,13939.36,42,New,Chi Le,,
LEAD-0013,2025-06-20,Webinar,Spring Promo,Anh Vo,Jade Tech 513,Hospitality,Malaysia,Kuala Lumpur,6064.65,75,Qualified,Chi Le,,
LEAD-0014,2026-04-14,LinkedIn,Spring Promo,Anh Do,Smart Works 514,Healthcare,Thailand,Bangkok,13609.92,70,Proposal,Linh Vu,,
LEAD-0015,2026-03-28,Webinar,ABM Campaign,Linh Do,Hyper Education 515,Education,Philippines,Manila,676.84,49,Proposal,Khanh Do,,
LEAD-0016,2024-08-13,Webinar,Q1 Outreach,Hung Do,Jade Holdings 516,Logistics,Indonesia,Jakarta,6369.26,75,Negotiation,Giang Ho,,
LEAD-0017,2024-07-11,Referral,Industry Webinar,Anh Le,Global Labs 517,Manufacturing,Singapore,Singapore,3203.73,43,Proposal,Linh Vu,,
LEAD-0018,2024-02-20,Website,Industry Webinar,Giang Nguyen,Hyper Foods 518,Retail,Singapore,Singapore,7095.28,67,Proposal,An Nguyen,,
LEAD-0019,2025-05-20,Email,Spring Promo,Giang Nguyen,Lotus Foods 519,Logistics,Singapore,Singapore,19750.27,44,Proposal,An Nguyen,,
LEAD-0020,2024-09-29,Partner,Q1 Outreach,Duc Pham,Prime Tech 520,Real Estate,Thailand,Bangkok,4949.29,62,Won,Giang Ho,CUST-0198,2024-11-27
LEAD-0021,2024-09-10,Website,Industry Webinar,Bao Vo,Lotus Education 521,Hospitality,Indonesia,Jakarta,19389.4,15,Qualified,Giang Ho,,
LEAD-0022,2025-06-17,Referral,Spring Promo,Hoa Do,Global Logistics 522,Hospitality,Indonesia,Jakarta,7820.92,55,Qualified,An Nguyen,,
LEAD-0023,2024-11-28,Website,Industry Webinar,Lan Tran,Zen Retail 523,Healthcare,Malaysia,Kuala Lumpur,3431.42,62,New,Linh Vu,,
LEAD-0024,2024-09-11,LinkedIn,Referral Drive,Giang Vo,Bright Systems 524,Retail,Indonesia,Jakarta,15656.8,59,Won,An Nguyen,CUST-0055,2024-09-30
LEAD-0025,2025-05-14,Email,Spring Promo,Giang Hoang,Prime Systems 525,Real Estate,Philippines,Manila,16293.83,40,Negotiation,An Nguyen,,
LEAD-0026,2024-02-10,Event,Cold Outreach,Quang Vu,Viet Education 526,Hospitality,Malaysia,Kuala Lumpur,7720.51,93,Proposal,Dung Pham,,
LEAD-0027,2024-11-27,Event,Spring Promo,Nam Nguyen,Urban Systems 527,E-commerce,Philippines,Manila,14085.75,71,Contacted,Giang Ho,,
LEAD-0028,2026-03-05,Partner,Cold Outreach,Quang Do,Lotus Foods 528,Manufacturing,Vietnam,Hanoi,15683.5,66,Qualified,Dung Pham,,
LEAD-0029,2024-07-13,Event,Partner Co-Marketing,Ha Nguyen,Bright Retail 529,Real Estate,Vietnam,Ho Chi Minh City,15519.46,50,New,Binh Tran,,
LEAD-0030,2024-07-25,Referral,Referral Drive,Vy Dang,Smart Partners 530,Education,Vietnam,Hanoi,1279.52,85,Proposal,Khanh Do,,
LEAD-0031,2024-09-19,Website,Spring Promo,Lan Vo,Rapid Solutions 531,Education,Malaysia,Kuala Lumpur,18087.21,98,Proposal,Binh Tran,,
LEAD-0032,2026-01-31,Partner,Partner Co-Marketing,Chau Hoang,Titan Solutions 532,Finance,Philippines,Manila,17856.63,65,Negotiation,Giang Ho,,
LEAD-0033,2024-03-20,Email,ABM Campaign,Quang Vo,Viet Education 533,Retail,Vietnam,Hanoi,18266.71,50,Qualified,Dung Pham,,
LEAD-0034,2025-03-01,Referral,Partner Co-Marketing,Ha Vo,Delta Education 534,E-commerce,Singapore,Singapore,17025.07,59,Proposal,Khanh Do,,
LEAD-0035,2025-02-15,Paid Ads,Cold Outreach,Minh Vu,Nova Cloud 535,Manufacturing,Malaysia,Kuala Lumpur,24961.62,46,Contacted,Huy Vo,,
LEAD-0036,2025-09-15,Email,ABM Campaign,Nam Do,Nova Commerce 536,Real Estate,Vietnam,Ho Chi Minh City,9689.05,67,Qualified,Giang Ho,,
LEAD-0037,2024-01-01,Website,Spring Promo,Anh Hoang,Global Labs 537,E-commerce,Vietnam,Hanoi,13181.43,77,Contacted,Dung Pham,,
LEAD-0038,2025-07-20,LinkedIn,Q1 Outreach,Hoa Hoang,Viet Capital 538,SaaS,Thailand,Bangkok,9213.57,61,New,Huy Vo,,
LEAD-0039,2026-04-10,Webinar,Q1 Outreach,Trang Tran,Future Studio 539,E-commerce,Thailand,Bangkok,14442.09,63,Contacted,Linh Vu,,
LEAD-0040,2025-09-01,Webinar,Q1 Outreach,Minh Tran,Nova Cloud 540,E-commerce,Thailand,Bangkok,2422.7,69,New,Huy Vo,,
LEAD-0041,2026-02-27,Email,Cold Outreach,Lam Vo,Urban Retail 541,E-commerce,Vietnam,Hanoi,16030.23,57,Qualified,Huy Vo,,
LEAD-0042,2025-12-15,Email,Industry Webinar,Chau Pham,Zen Partners 542,SaaS,Indonesia,Jakarta,18423.68,57,Qualified,Linh Vu,,
LEAD-0043,2025-03-18,Webinar,Partner Co-Marketing,Linh Vo,Insight Foods 543,Logistics,Vietnam,Ho Chi Minh City,3738.63,82,New,Khanh Do,,
LEAD-0044,2025-03-20,LinkedIn,Partner Co-Marketing,Hoa Pham,Urban Partners 544,Manufacturing,Thailand,Bangkok,14202.76,73,Qualified,Dung Pham,,
LEAD-0045,2024-03-14,Webinar,Partner Co-Marketing,Lam Vu,Nova Health 545,Logistics,Singapore,Singapore,17276.08,54,Qualified,Huy Vo,,
LEAD-0046,2025-08-31,Website,Partner Co-Marketing,Nam Nguyen,Zen Retail 546,Healthcare,Vietnam,Ho Chi Minh City,24697.47,57,Proposal,Linh Vu,,
LEAD-0047,2024-08-27,Email,Cold Outreach,Lam Tran,Jade Tech 547,Finance,Vietnam,Ho Chi Minh City,19064.48,67,New,Chi Le,,
LEAD-0048,2024-11-08,Event,Referral Drive,Hung Vo,Urban Partners 548,SaaS,Singapore,Singapore,5620.73,54,Qualified,Dung Pham,,
LEAD-0049,2025-05-09,LinkedIn,Cold Outreach,Bao Bui,Global Media 549,SaaS,Thailand,Bangkok,14783.62,59,New,Giang Ho,,
LEAD-0050,2025-11-01,Website,Q1 Outreach,Khanh Do,Delta Tech 550,Logistics,Indonesia,Jakarta,7147.1,57,Won,Huy Vo,CUST-0119,2025-12-22
LEAD-0051,2025-06-04,Referral,Spring Promo,Phuc Hoang,Bright Capital 551,Hospitality,Philippines,Manila,15129.11,72,Lost,An Nguyen,,
LEAD-0052,2024-12-07,Event,Referral Drive,Hung Nguyen,Hyper Partners 552,Manufacturing,Vietnam,Hanoi,8996.11,68,Contacted,Giang Ho,,
LEAD-0053,2025-10-02,Webinar,Referral Drive,Phuc Dang,Core Group 553,SaaS,Malaysia,Kuala Lumpur,23753.35,64,Qualified,Chi Le,,
LEAD-0054,2025-10-02,Email,Referral Drive,Giang Pham,Rapid Holdings 554,Education,Malaysia,Kuala Lumpur,4242.35,78,Lost,Huy Vo,,
LEAD-0055,2025-10-30,LinkedIn,ABM Campaign,Trang Le,Quantum Retail 555,Real Estate,Indonesia,Jakarta,20102.57,72,Proposal,Chi Le,,
LEAD-0056,2024-11-21,Referral,ABM Campaign,Minh Do,Alpha Labs 556,Real Estate,Indonesia,Jakarta,3400.49,50,Contacted,Chi Le,,
LEAD-0057,2024-11-06,Event,Cold Outreach,Vy Pham,Zen Capital 557,Healthcare,Vietnam,Ho Chi Minh City,19588.14,71,Negotiation,Giang Ho,,
LEAD-0058,2024-08-24,Website,Spring Promo,Linh Bui,Nova Education 558,Retail,Indonesia,Jakarta,19605.74,69,New,Linh Vu,,
LEAD-0059,2025-04-30,LinkedIn,Industry Webinar,Hanh Tran,Hyper Health 559,Education,Vietnam,Ho Chi Minh City,1289.62,62,Contacted,Khanh Do,,
LEAD-0060,2024-06-30,Event,Partner Co-Marketing,Bao Dang,Quantum Group 560,E-commerce,Thailand,Bangkok,17352.64,58,Won,Dung Pham,CUST-0195,2024-08-12
LEAD-0061,2025-02-07,Website,ABM Campaign,Linh Vo,Bright Holdings 561,Retail,Thailand,Bangkok,11694.06,88,Contacted,Khanh Do,,
LEAD-0062,2026-02-22,Website,Industry Webinar,Minh Hoang,Rapid Education 562,Healthcare,Thailand,Bangkok,10251.98,36,Contacted,Giang Ho,,
LEAD-0063,2025-09-19,Website,Cold Outreach,Giang Do,Viet Holdings 563,Real Estate,Vietnam,Ho Chi Minh City,11857.68,57,Qualified,Chi Le,,
LEAD-0064,2025-02-27,Paid Ads,Referral Drive,Hung Vu,Rapid Foods 564,SaaS,Vietnam,Ho Chi Minh City,11615.18,55,Won,Dung Pham,CUST-0084,2025-03-17
LEAD-0065,2024-04-03,Referral,Cold Outreach,Linh Nguyen,Prime Holdings 565,Hospitality,Indonesia,Jakarta,9392.11,44,Negotiation,Chi Le,,
LEAD-0066,2026-02-25,LinkedIn,Spring Promo,Minh Hoang,Future Solutions 566,E-commerce,Philippines,Manila,16658.49,59,New,Chi Le,,
LEAD-0067,2024-11-12,Event,Spring Promo,Ngoc Vo,Rapid Studio 567,Manufacturing,Vietnam,Hanoi,22514.28,63,Negotiation,An Nguyen,,
LEAD-0068,2026-04-06,Website,ABM Campaign,Chau Dang,Quantum Commerce 568,Hospitality,Vietnam,Ho Chi Minh City,5813.41,61,Proposal,Linh Vu,,
LEAD-0069,2025-09-06,Website,Industry Webinar,Bao Le,Bright Systems 569,Real Estate,Singapore,Singapore,15684.27,30,New,Chi Le,,
LEAD-0070,2024-02-03,Webinar,Spring Promo,Ha Bui,Jade Holdings 570,Retail,Vietnam,Hanoi,3167.75,50,Lost,Chi Le,,
LEAD-0071,2026-02-06,Paid Ads,Q1 Outreach,Khanh Bui,Urban Foods 571,Retail,Philippines,Manila,7832.71,50,New,Khanh Do,,
LEAD-0072,2024-05-17,Referral,Cold Outreach,Duc Dang,Zen Solutions 572,Healthcare,Singapore,Singapore,13412.79,74,Qualified,Dung Pham,,
LEAD-0073,2026-01-17,Referral,Referral Drive,Phuc Bui,Eco Studio 573,E-commerce,Philippines,Manila,24663.82,56,Contacted,Huy Vo,,
LEAD-0074,2025-05-19,LinkedIn,ABM Campaign,Duc Pham,Alpha Commerce 574,Education,Indonesia,Jakarta,7616.96,85,Contacted,Binh Tran,,
LEAD-0075,2026-03-29,Partner,Referral Drive,Khanh Hoang,Insight Foods 575,SaaS,Singapore,Singapore,9066.43,66,Proposal,Giang Ho,,
LEAD-0076,2025-06-02,Paid Ads,Partner Co-Marketing,Lam Vu,Future Health 576,SaaS,Vietnam,Hanoi,17302.98,50,Contacted,An Nguyen,,
LEAD-0077,2025-11-19,Event,Referral Drive,Bao Vo,Rapid Cloud 577,SaaS,Indonesia,Jakarta,3825.97,73,Won,Huy Vo,CUST-0154,2026-02-02
LEAD-0078,2026-01-12,Paid Ads,ABM Campaign,Hung Nguyen,Core Retail 578,Real Estate,Vietnam,Hanoi,5602.43,78,Proposal,Huy Vo,,
LEAD-0079,2024-12-13,Partner,Cold Outreach,Hung Do,Lotus Solutions 579,Real Estate,Philippines,Manila,4566.25,52,New,Giang Ho,,
LEAD-0080,2024-03-29,Event,Industry Webinar,Lan Nguyen,Future Logistics 580,Finance,Thailand,Bangkok,20821.71,54,Contacted,Giang Ho,,
LEAD-0081,2026-03-07,Email,Q1 Outreach,Lam Le,Titan Works 581,Hospitality,Malaysia,Kuala Lumpur,1110.9,40,Contacted,Linh Vu,,
LEAD-0082,2026-02-26,Referral,Partner Co-Marketing,Phuc Tran,Rapid Group 582,Real Estate,Indonesia,Jakarta,24821.65,64,Contacted,An Nguyen,,
LEAD-0083,2024-01-05,Webinar,Q1 Outreach,Hanh Vu,Alpha Works 583,E-commerce,Philippines,Manila,2633.36,56,Qualified,Giang Ho,,
LEAD-0084,2024-07-24,Email,Spring Promo,Ha Hoang,Insight Retail 584,Healthcare,Malaysia,Kuala Lumpur,8319.17,63,Qualified,Binh Tran,,
LEAD-0085,2024-04-27,Website,ABM Campaign,Ha Tran,Viet Capital 585,Real Estate,Malaysia,Kuala Lumpur,3008.19,40,Contacted,Giang Ho,,
LEAD-0086,2024-11-14,Paid Ads,ABM Campaign,Bao Tran,Delta Group 586,Hospitality,Vietnam,Hanoi,3686.81,55,Qualified,An Nguyen,,
LEAD-0087,2025-03-12,Partner,Industry Webinar,Chau Bui,Global Holdings 587,E-commerce,Malaysia,Kuala Lumpur,15922.03,54,Contacted,Huy Vo,,
LEAD-0088,2025-08-04,LinkedIn,Q1 Outreach,Hoa Le,Smart Capital 588,Hospitality,Vietnam,Hanoi,11661.81,43,Proposal,Linh Vu,,
LEAD-0089,2025-09-23,Webinar,Spring Promo,Chau Bui,Smart Tech 589,Logistics,Vietnam,Ho Chi Minh City,17640.56,45,Won,Linh Vu,CUST-0058,2025-11-09
LEAD-0090,2025-05-05,Event,Partner Co-Marketing,Linh Tran,Titan Logistics 590,Manufacturing,Singapore,Singapore,19314.57,34,Proposal,Chi Le,,
LEAD-0091,2024-11-29,Referral,Partner Co-Marketing,Chau Vu,Smart Group 591,Healthcare,Malaysia,Kuala Lumpur,11793.88,50,Contacted,Chi Le,,
LEAD-0092,2024-08-01,Partner,Partner Co-Marketing,Trang Bui,Future Foods 592,Logistics,Malaysia,Kuala Lumpur,19789.51,54,Qualified,Dung Pham,,
LEAD-0093,2024-04-27,Event,Spring Promo,Lam Bui,Zen Group 593,Real Estate,Vietnam,Hanoi,20639.56,82,New,Binh Tran,,
LEAD-0094,2025-10-22,Website,Q1 Outreach,Nam Vo,Eco Retail 594,Education,Philippines,Manila,3903.46,98,Proposal,An Nguyen,,
LEAD-0095,2024-10-25,Partner,ABM Campaign,Chau Dang,Quantum Systems 595,E-commerce,Thailand,Bangkok,5293.83,55,Proposal,Giang Ho,,
LEAD-0096,2024-01-09,Partner,Partner Co-Marketing,Lan Tran,Alpha Holdings 596,Manufacturing,Philippines,Manila,7707.52,47,Qualified,An Nguyen,,
LEAD-0097,2024-10-15,Website,Industry Webinar,Ha Bui,Urban Health 597,Logistics,Indonesia,Jakarta,14959.01,41,Qualified,Khanh Do,,
LEAD-0098,2024-05-22,Email,ABM Campaign,Giang Nguyen,Jade Retail 598,Logistics,Philippines,Manila,23149.81,41,Negotiation,Chi Le,,
LEAD-0099,2024-03-14,Website,Industry Webinar,Vy Le,Rapid Cloud 599,Hospitality,Indonesia,Jakarta,11200.01,69,Proposal,Khanh Do,,
LEAD-0100,2025-04-10,Partner,ABM Campaign,Hoa Vo,Viet Studio 600,Hospitality,Thailand,Bangkok,9205.03,61,Contacted,An Nguyen,,
LEAD-0101,2024-10-02,Partner,ABM Campaign,Phuc Hoang,Core Retail 601,E-commerce,Singapore,Singapore,1319.82,82,Qualified,Linh Vu,,
LEAD-0102,2025-04-21,Referral,ABM Campaign,Vy Nguyen,Urban Works 602,E-commerce,Vietnam,Hanoi,6508.17,66,Proposal,Binh Tran,,
LEAD-0103,2024-12-17,Website,Referral Drive,Bao Dang,Jade Education 603,Hospitality,Malaysia,Kuala Lumpur,22698.35,47,Contacted,Giang Ho,,
LEAD-0104,2026-02-06,Webinar,Cold Outreach,Khanh Dang,Viet Solutions 604,E-commerce,Singapore,Singapore,2004.74,54,Qualified,Chi Le,,
LEAD-0105,2024-01-28,Webinar,Referral Drive,Anh Tran,Insight Media 605,Retail,Vietnam,Ho Chi Minh City,12887.1,70,New,Giang Ho,,
LEAD-0106,2025-09-10,LinkedIn,ABM Campaign,Ha Vo,Hyper Studio 606,Manufacturing,Indonesia,Jakarta,11443.0,50,Negotiation,Giang Ho,,
LEAD-0107,2024-02-03,Paid Ads,Q1 Outreach,Ha Pham,Hyper Commerce 607,Manufacturing,Malaysia,Kuala Lumpur,23381.58,73,Lost,Khanh Do,,
LEAD-0108,2025-08-14,Paid Ads,Q1 Outreach,Khanh Bui,Prime Studio 608,Healthcare,Philippines,Manila,20578.51,79,New,Linh Vu,,
LEAD-0109,2026-02-03,Email,Referral Drive,Phuc Nguyen,Prime Labs 609,Logistics,Thailand,Bangkok,6934.32,43,Contacted,Linh Vu,,
LEAD-0110,2024-04-09,Paid Ads,Partner Co-Marketing,Duc Hoang,Insight Media 610,Logistics,Malaysia,Kuala Lumpur,22992.03,58,Won,Huy Vo,CUST-0300,2024-06-01
LEAD-0111,2025-04-17,Email,Cold Outreach,Anh Do,Alpha Foods 611,E-commerce,Philippines,Manila,5275.68,47,New,An Nguyen,,
LEAD-0112,2024-04-10,Referral,Cold Outreach,Vy Tran,Bright Tech 612,Hospitality,Singapore,Singapore,5875.7,85,Contacted,Dung Pham,,
LEAD-0113,2024-02-28,Email,ABM Campaign,Hung Hoang,Delta Education 613,Retail,Indonesia,Jakarta,23965.99,82,Qualified,Chi Le,,
LEAD-0114,2025-04-23,Referral,Cold Outreach,Chau Hoang,Insight Education 614,Hospitality,Singapore,Singapore,19349.3,74,Proposal,Huy Vo,,
LEAD-0115,2026-03-06,Website,Referral Drive,Vy Do,Smart Health 615,Logistics,Singapore,Singapore,24900.98,60,New,Binh Tran,,
LEAD-0116,2024-07-01,Event,Q1 Outreach,Duc Nguyen,Rapid Media 616,Manufacturing,Malaysia,Kuala Lumpur,19333.33,94,Contacted,Binh Tran,,
LEAD-0117,2024-03-15,Referral,ABM Campaign,Giang Vu,Prime Media 617,Healthcare,Philippines,Manila,11424.11,70,Proposal,An Nguyen,,
LEAD-0118,2025-02-04,Website,ABM Campaign,Anh Do,Urban Capital 618,Hospitality,Thailand,Bangkok,11183.41,55,Won,Binh Tran,CUST-0247,2025-02-22
LEAD-0119,2025-08-03,Paid Ads,Spring Promo,Khanh Pham,Core Commerce 619,Healthcare,Thailand,Bangkok,1852.27,87,Qualified,Huy Vo,,
LEAD-0120,2024-06-29,Website,Referral Drive,Nam Pham,Smart Foods 620,Education,Singapore,Singapore,17549.12,61,Won,Huy Vo,CUST-0072,2024-07-06
LEAD-0121,2024-07-16,Website,Cold Outreach,Lam Nguyen,Alpha Solutions 621,E-commerce,Vietnam,Ho Chi Minh City,12486.2,82,Contacted,Linh Vu,,
LEAD-0122,2024-12-11,Website,Referral Drive,Trang Pham,Urban Retail 622,Retail,Vietnam,Ho Chi Minh City,20274.04,70,Proposal,Linh Vu,,
LEAD-0123,2024-03-14,Website,Cold Outreach,Bao Hoang,Alpha Education 623,Manufacturing,Thailand,Bangkok,16518.87,22,New,Chi Le,,
LEAD-0124,2026-03-23,Referral,Referral Drive,Vy Dang,Delta Studio 624,E-commerce,Vietnam,Ho Chi Minh City,20966.13,69,New,Binh Tran,,
LEAD-0125,2024-08-13,Referral,Partner Co-Marketing,Giang Vu,Viet Holdings 625,Education,Thailand,Bangkok,8764.91,77,Qualified,Binh Tran,,
LEAD-0126,2026-03-23,Email,Partner Co-Marketing,Ha Vu,Eco Cloud 626,SaaS,Malaysia,Kuala Lumpur,4749.47,36,New,Giang Ho,,
LEAD-0127,2025-07-20,LinkedIn,Referral Drive,Chau Nguyen,Alpha Studio 627,Education,Malaysia,Kuala Lumpur,1497.12,90,Proposal,Chi Le,,
LEAD-0128,2024-01-08,LinkedIn,Q1 Outreach,Giang Hoang,Eco Health 628,E-commerce,Singapore,Singapore,10697.44,82,Negotiation,Linh Vu,,
LEAD-0129,2025-06-19,Event,Referral Drive,Minh Nguyen,Jade Systems 629,Education,Vietnam,Ho Chi Minh City,15458.18,73,Qualified,Binh Tran,,
LEAD-0130,2025-07-25,Email,Industry Webinar,Hung Nguyen,Rapid Health 630,Retail,Malaysia,Kuala Lumpur,24431.39,64,Proposal,Dung Pham,,
LEAD-0131,2024-07-17,Referral,Partner Co-Marketing,Khanh Pham,Bright Systems 631,Manufacturing,Indonesia,Jakarta,21172.65,79,New,An Nguyen,,
LEAD-0132,2025-03-21,Webinar,Spring Promo,Ha Le,Bright Holdings 632,E-commerce,Philippines,Manila,22306.95,50,Qualified,Binh Tran,,
LEAD-0133,2026-03-15,Website,Referral Drive,Hoa Tran,Global Labs 633,Real Estate,Vietnam,Hanoi,2236.06,63,Proposal,Khanh Do,,
LEAD-0134,2024-11-29,Email,Q1 Outreach,Trang Bui,Core Studio 634,Education,Indonesia,Jakarta,10608.59,81,Contacted,Dung Pham,,
LEAD-0135,2024-02-25,Partner,Industry Webinar,Lam Le,Insight Health 635,Education,Malaysia,Kuala Lumpur,11647.28,54,Proposal,Huy Vo,,
LEAD-0136,2024-02-02,Website,Spring Promo,Khanh Dang,Lotus Capital 636,Manufacturing,Vietnam,Hanoi,21365.46,68,Qualified,Chi Le,,
LEAD-0137,2024-06-09,LinkedIn,ABM Campaign,Nam Hoang,Viet Studio 637,Real Estate,Philippines,Manila,6127.71,43,Won,Dung Pham,CUST-0008,2024-08-05
LEAD-0138,2026-01-23,Email,Industry Webinar,Minh Nguyen,Viet Tech 638,Finance,Thailand,Bangkok,14696.94,73,Won,Chi Le,CUST-0021,2026-03-27
LEAD-0139,2026-01-21,Website,Referral Drive,Anh Do,Core Holdings 639,Real Estate,Thailand,Bangkok,12242.1,71,Qualified,Dung Pham,,
LEAD-0140,2024-08-11,LinkedIn,Spring Promo,Nam Dang,Jade Education 640,Healthcare,Vietnam,Ho Chi Minh City,16367.18,30,New,Linh Vu,,
LEAD-0141,2026-02-04,Website,Referral Drive,Linh Vu,Alpha Foods 641,Hospitality,Philippines,Manila,3896.29,58,Won,Linh Vu,CUST-0272,2026-02-11
LEAD-0142,2024-10-30,Partner,Partner Co-Marketing,Bao Vo,Core Labs 642,Healthcare,Indonesia,Jakarta,23679.34,50,Qualified,Dung Pham,,
LEAD-0143,2025-11-21,Paid Ads,Q1 Outreach,Giang Vu,Urban Health 643,Retail,Thailand,Bangkok,9456.98,49,New,Binh Tran,,
LEAD-0144,2024-09-01,Referral,Cold Outreach,Lan Hoang,Hyper Labs 644,Hospitality,Indonesia,Jakarta,23509.12,50,Proposal,Dung Pham,,
LEAD-0145,2025-05-30,Partner,Spring Promo,Khanh Bui,Urban Holdings 645,SaaS,Vietnam,Hanoi,9633.94,41,Negotiation,Linh Vu,,
LEAD-0146,2025-09-27,Paid Ads,Partner Co-Marketing,Khanh Tran,Prime Education 646,Retail,Vietnam,Ho Chi Minh City,22351.63,68,Qualified,Binh Tran,,
LEAD-0147,2024-04-21,LinkedIn,Spring Promo,Quang Le,Jade Cloud 647,Retail,Indonesia,Jakarta,4124.87,69,Lost,An Nguyen,,
LEAD-0148,2025-04-30,Paid Ads,Referral Drive,Phuc Vu,Alpha Capital 648,Hospitality,Indonesia,Jakarta,16294.77,71,Contacted,Binh Tran,,
LEAD-0149,2025-02-25,Paid Ads,Cold Outreach,Khanh Le,Viet Retail 649,Finance,Thailand,Bangkok,15037.25,50,Qualified,Giang Ho,,
LEAD-0150,2026-03-19,Webinar,Industry Webinar,Khanh Bui,Eco Systems 650,Hospitality,Singapore,Singapore,24282.74,29,Negotiation,An Nguyen,,
LEAD-0151,2024-06-19,LinkedIn,Cold Outreach,Duc Nguyen,Future Capital 651,Real Estate,Singapore,Singapore,4965.87,74,Won,Chi Le,CUST-0163,2024-09-03
LEAD-0152,2024-05-09,Event,Spring Promo,Lan Bui,Nova Retail 652,Finance,Vietnam,Ho Chi Minh City,5526.31,87,Proposal,Huy Vo,,
LEAD-0153,2025-07-06,LinkedIn,ABM Campaign,Anh Vo,Lotus Retail 653,Healthcare,Vietnam,Hanoi,23050.63,44,New,Linh Vu,,
LEAD-0154,2025-06-03,Paid Ads,Cold Outreach,Lam Tran,Viet Commerce 654,Healthcare,Thailand,Bangkok,22451.45,73,Lost,Chi Le,,
LEAD-0155,2026-01-19,Event,Q1 Outreach,Lam Nguyen,Nova Foods 655,Manufacturing,Indonesia,Jakarta,13998.52,55,Won,Linh Vu,CUST-0312,2026-04-14
LEAD-0156,2024-07-18,Email,Partner Co-Marketing,Linh Pham,Core Partners 656,Healthcare,Vietnam,Ho Chi Minh City,1052.44,79,Qualified,Linh Vu,,
LEAD-0157,2025-05-17,Paid Ads,ABM Campaign,Lan Nguyen,Nova Group 657,E-commerce,Malaysia,Kuala Lumpur,23613.35,76,New,Khanh Do,,
LEAD-0158,2024-10-18,Paid Ads,Spring Promo,Khanh Le,Quantum Commerce 658,Healthcare,Thailand,Bangkok,21920.39,52,New,Linh Vu,,
LEAD-0159,2026-04-05,Partner,Cold Outreach,Chau Nguyen,Core Group 659,Logistics,Vietnam,Ho Chi Minh City,20970.03,53,Contacted,Huy Vo,,
LEAD-0160,2025-02-23,Webinar,Referral Drive,Linh Hoang,Global Education 660,Manufacturing,Malaysia,Kuala Lumpur,11821.94,56,Proposal,Chi Le,,
LEAD-0161,2025-07-21,Event,Q1 Outreach,Khanh Bui,Eco Media 661,Healthcare,Philippines,Manila,14837.6,32,Contacted,An Nguyen,,
LEAD-0162,2024-05-07,Webinar,Referral Drive,Ngoc Tran,Delta Media 662,Manufacturing,Thailand,Bangkok,22716.43,63,Proposal,An Nguyen,,
LEAD-0163,2025-09-05,Paid Ads,ABM Campaign,Trang Nguyen,Nova Partners 663,Hospitality,Malaysia,Kuala Lumpur,11183.68,60,Lost,Binh Tran,,
LEAD-0164,2024-09-22,LinkedIn,ABM Campaign,Bao Hoang,Nova Education 664,SaaS,Vietnam,Ho Chi Minh City,8332.19,89,Won,Chi Le,CUST-0185,2024-11-17
LEAD-0165,2025-10-13,Paid Ads,Q1 Outreach,Quang Vu,Delta Education 665,Healthcare,Singapore,Singapore,13475.5,81,Negotiation,Chi Le,,
LEAD-0166,2024-11-19,Webinar,Spring Promo,Phuc Hoang,Alpha Retail 666,Finance,Vietnam,Hanoi,13593.3,53,Contacted,Chi Le,,
LEAD-0167,2025-01-16,Event,Referral Drive,Chau Tran,Quantum Commerce 667,Finance,Vietnam,Ho Chi Minh City,3009.24,69,Contacted,Binh Tran,,
LEAD-0168,2024-05-14,Website,Referral Drive,Lam Le,Zen Partners 668,Finance,Singapore,Singapore,17430.74,72,New,Linh Vu,,
LEAD-0169,2025-12-27,Webinar,Q1 Outreach,Minh Tran,Eco Foods 669,Retail,Vietnam,Ho Chi Minh City,3653.5,52,Contacted,Dung Pham,,
LEAD-0170,2024-03-20,Website,Partner Co-Marketing,Ngoc Tran,Titan Solutions 670,Hospitality,Philippines,Manila,11065.56,36,Contacted,An Nguyen,,
LEAD-0171,2024-09-16,Website,Q1 Outreach,Anh Tran,Future Systems 671,Healthcare,Indonesia,Jakarta,751.67,69,Proposal,Dung Pham,,
LEAD-0172,2024-05-29,Webinar,ABM Campaign,Duc Dang,Titan Foods 672,Finance,Singapore,Singapore,4433.65,67,Qualified,Dung Pham,,
LEAD-0173,2026-02-20,Website,ABM Campaign,Ngoc Vu,Global Partners 673,Education,Indonesia,Jakarta,5192.91,54,Qualified,Binh Tran,,
LEAD-0174,2025-12-15,LinkedIn,Referral Drive,Hoa Do,Global Partners 674,Retail,Vietnam,Ho Chi Minh City,20951.18,98,Lost,Khanh Do,,
LEAD-0175,2024-04-25,Paid Ads,Q1 Outreach,Ngoc Tran,Core Labs 675,Hospitality,Vietnam,Hanoi,13233.33,44,Contacted,An Nguyen,,
LEAD-0176,2025-01-29,Webinar,Referral Drive,Minh Hoang,Hyper Holdings 676,E-commerce,Indonesia,Jakarta,8144.17,62,Lost,Linh Vu,,
LEAD-0177,2025-03-14,Email,Partner Co-Marketing,Nam Vo,Delta Group 677,Retail,Philippines,Manila,20159.69,77,New,Linh Vu,,
LEAD-0178,2025-11-05,Referral,Q1 Outreach,Lan Pham,Future Foods 678,Manufacturing,Thailand,Bangkok,10315.3,55,Proposal,Binh Tran,,
LEAD-0179,2024-12-12,Email,ABM Campaign,Ngoc Dang,Prime Systems 679,Logistics,Vietnam,Hanoi,6205.31,43,Negotiation,Giang Ho,,
LEAD-0180,2025-02-18,Event,ABM Campaign,Hoa Le,Smart Studio 680,Healthcare,Vietnam,Ho Chi Minh City,19315.99,71,New,Giang Ho,,
LEAD-0181,2024-01-31,Referral,Cold Outreach,Vy Dang,Eco Works 681,SaaS,Philippines,Manila,2171.6,40,Qualified,Huy Vo,,
LEAD-0182,2024-04-08,Referral,Cold Outreach,Phuc Hoang,Smart Studio 682,Real Estate,Philippines,Manila,12558.59,18,Qualified,Giang Ho,,
LEAD-0183,2025-07-09,Paid Ads,Partner Co-Marketing,Lam Do,Prime Commerce 683,Real Estate,Malaysia,Kuala Lumpur,932.92,66,Won,Binh Tran,CUST-0227,2025-09-08
LEAD-0184,2024-02-06,Website,Industry Webinar,Giang Hoang,Smart Cloud 684,Real Estate,Indonesia,Jakarta,21578.84,15,Contacted,Chi Le,,
LEAD-0185,2026-01-02,Partner,Referral Drive,Phuc Nguyen,Urban Education 685,Retail,Malaysia,Kuala Lumpur,17038.1,47,Proposal,Linh Vu,,
LEAD-0186,2025-02-04,Webinar,Referral Drive,Anh Dang,Lotus Solutions 686,E-commerce,Thailand,Bangkok,15615.02,38,Contacted,Giang Ho,,
LEAD-0187,2024-02-16,LinkedIn,Partner Co-Marketing,Lan Vu,Delta Cloud 687,Finance,Singapore,Singapore,20334.06,35,Proposal,Khanh Do,,
LEAD-0188,2025-02-25,Paid Ads,Q1 Outreach,Duc Vu,Core Works 688,Education,Vietnam,Ho Chi Minh City,6248.24,46,Contacted,Binh Tran,,
LEAD-0189,2024-06-22,Website,ABM Campaign,Trang Nguyen,Alpha Studio 689,Finance,Vietnam,Hanoi,11792.28,77,Won,Giang Ho,CUST-0163,2024-08-12
LEAD-0190,2025-08-07,Partner,Spring Promo,Phuc Vu,Lotus Studio 690,E-commerce,Vietnam,Hanoi,20304.0,44,New,Dung Pham,,
LEAD-0191,2024-06-19,Webinar,Spring Promo,Bao Hoang,Jade Media 691,Logistics,Vietnam,Ho Chi Minh City,12675.32,80,Won,Dung Pham,CUST-0294,2024-08-12
LEAD-0192,2026-04-03,Email,ABM Campaign,Trang Vo,Insight Foods 692,Retail,Indonesia,Jakarta,21182.58,36,New,Huy Vo,,
LEAD-0193,2025-05-01,Partner,Industry Webinar,Linh Hoang,Global Cloud 693,Finance,Philippines,Manila,2378.21,71,Contacted,Huy Vo,,
LEAD-0194,2025-10-01,Event,Cold Outreach,Hanh Bui,Viet Studio 694,Real Estate,Vietnam,Ho Chi Minh City,22081.97,42,Proposal,Chi Le,,
LEAD-0195,2024-10-01,Partner,ABM Campaign,Lam Tran,Quantum Cloud 695,SaaS,Malaysia,Kuala Lumpur,5415.88,49,Negotiation,Giang Ho,,
LEAD-0196,2025-10-11,Email,Partner Co-Marketing,Linh Pham,Zen Capital 696,Logistics,Singapore,Singapore,20680.91,65,Proposal,Giang Ho,,
LEAD-0197,2024-04-26,LinkedIn,Industry Webinar,Ha Hoang,Bright Health 697,SaaS,Vietnam,Ho Chi Minh City,20027.6,54,Lost,Khanh Do,,
LEAD-0198,2024-05-19,Website,Spring Promo,Bao Tran,Smart Tech 698,Healthcare,Indonesia,Jakarta,13992.3,81,Proposal,An Nguyen,,
LEAD-0199,2024-11-17,Webinar,Partner Co-Marketing,Trang Vo,Hyper Logistics 699,Retail,Thailand,Bangkok,22470.94,44,Qualified,Chi Le,,
LEAD-0200,2024-05-03,Webinar,Referral Drive,Hoa Do,Lotus Group 700,Retail,Vietnam,Ho Chi Minh City,15195.62,28,Negotiation,Huy Vo,,
LEAD-0201,2024-08-11,LinkedIn,Q1 Outreach,Duc Vu,Urban Systems 701,Manufacturing,Vietnam,Ho Chi Minh City,24263.13,49,Proposal,Linh Vu,,
LEAD-0202,2025-07-12,Partner,Referral Drive,Khanh Nguyen,Smart Systems 702,Education,Singapore,Singapore,22046.12,67,Won,Huy Vo,CUST-0311,2025-07-19
LEAD-0203,2026-01-27,Website,Cold Outreach,Nam Do,Urban Capital 703,Education,Singapore,Singapore,14041.83,45,Qualified,Binh Tran,,
LEAD-0204,2024-01-09,Partner,Spring Promo,Nam Vu,Global Education 704,Healthcare,Vietnam,Hanoi,23439.9,98,Negotiation,Giang Ho,,
LEAD-0205,2026-04-11,Partner,Partner Co-Marketing,Duc Le,Lotus Cloud 705,SaaS,Singapore,Singapore,21727.89,80,Qualified,Khanh Do,,
LEAD-0206,2025-12-16,Webinar,ABM Campaign,Bao Le,Rapid Tech 706,Retail,Singapore,Singapore,10811.33,23,Negotiation,Huy Vo,,
LEAD-0207,2025-10-07,Event,Partner Co-Marketing,Giang Dang,Hyper Partners 707,Manufacturing,Vietnam,Hanoi,10316.22,51,New,Chi Le,,
LEAD-0208,2025-12-03,Partner,Partner Co-Marketing,Khanh Pham,Future Labs 708,Finance,Thailand,Bangkok,12219.95,50,Negotiation,Giang Ho,,
LEAD-0209,2024-03-27,Partner,Spring Promo,Chau Bui,Urban Capital 709,Manufacturing,Thailand,Bangkok,21971.56,97,Contacted,An Nguyen,,
LEAD-0210,2024-07-22,Webinar,Cold Outreach,Lan Le,Eco Foods 710,Manufacturing,Vietnam,Hanoi,10325.36,49,Qualified,Giang Ho,,
LEAD-0211,2025-08-03,Referral,Q1 Outreach,Hung Hoang,Global Health 711,Real Estate,Thailand,Bangkok,19447.3,92,Qualified,Dung Pham,,
LEAD-0212,2026-02-03,Event,Referral Drive,Ha Do,Global Cloud 712,Manufacturing,Thailand,Bangkok,21480.27,47,Proposal,Giang Ho,,
LEAD-0213,2026-03-22,LinkedIn,Q1 Outreach,Ngoc Le,Core Tech 713,Healthcare,Singapore,Singapore,6269.4,49,Proposal,Linh Vu,,
LEAD-0214,2024-11-27,Partner,Cold Outreach,Quang Nguyen,Core Logistics 714,Education,Indonesia,Jakarta,9895.64,66,Qualified,Giang Ho,,
LEAD-0215,2024-02-23,Paid Ads,Industry Webinar,Phuc Dang,Alpha Media 715,Hospitality,Singapore,Singapore,24920.12,98,Proposal,An Nguyen,,
LEAD-0216,2025-01-25,Webinar,Referral Drive,Phuc Bui,Insight Education 716,Finance,Vietnam,Ho Chi Minh City,24217.42,44,Qualified,Chi Le,,
LEAD-0217,2024-12-13,Event,Industry Webinar,Lan Do,Smart Media 717,Retail,Singapore,Singapore,17901.26,49,Contacted,Chi Le,,
LEAD-0218,2024-10-16,Webinar,ABM Campaign,Quang Bui,Smart Retail 718,Healthcare,Malaysia,Kuala Lumpur,8168.75,67,Won,Huy Vo,CUST-0028,2024-11-12
LEAD-0219,2024-06-01,Website,Industry Webinar,Lan Vo,Bright Commerce 719,Manufacturing,Vietnam,Hanoi,12021.06,72,New,Linh Vu,,
LEAD-0220,2025-05-11,Event,Referral Drive,Khanh Le,Core Health 720,Retail,Philippines,Manila,18134.22,79,New,Huy Vo,,
LEAD-0221,2024-06-21,Webinar,ABM Campaign,Ngoc Tran,Core Capital 721,E-commerce,Vietnam,Ho Chi Minh City,14796.91,83,Proposal,Khanh Do,,
LEAD-0222,2024-12-02,Website,Spring Promo,Anh Tran,Lotus Retail 722,Retail,Thailand,Bangkok,9652.18,58,Won,Binh Tran,CUST-0236,2025-02-27
LEAD-0223,2025-05-06,Event,Cold Outreach,Hanh Nguyen,Lotus Retail 723,Healthcare,Malaysia,Kuala Lumpur,16621.15,59,Proposal,Linh Vu,,
LEAD-0224,2026-03-31,Webinar,Spring Promo,Hung Le,Core Group 724,SaaS,Indonesia,Jakarta,2232.74,66,Lost,Khanh Do,,
LEAD-0225,2024-09-02,Partner,Q1 Outreach,Ngoc Do,Delta Works 725,SaaS,Philippines,Manila,5601.46,48,Proposal,Chi Le,,
LEAD-0226,2026-01-23,Webinar,Cold Outreach,Ngoc Bui,Titan Health 726,E-commerce,Vietnam,Ho Chi Minh City,9296.58,73,New,Huy Vo,,
LEAD-0227,2025-02-01,Event,Spring Promo,Bao Vo,Quantum Foods 727,E-commerce,Malaysia,Kuala Lumpur,10865.23,63,Proposal,Khanh Do,,
LEAD-0228,2024-12-15,Event,Cold Outreach,Chau Hoang,Titan Partners 728,Education,Indonesia,Jakarta,17312.8,29,New,Linh Vu,,
LEAD-0229,2025-04-24,Partner,Q1 Outreach,Quang Tran,Jade Solutions 729,Hospitality,Singapore,Singapore,4140.86,89,Won,Khanh Do,CUST-0024,2025-07-01
LEAD-0230,2024-04-20,Partner,Referral Drive,Trang Tran,Nova Media 730,Retail,Thailand,Bangkok,16690.95,89,Proposal,Giang Ho,,
LEAD-0231,2026-02-26,Website,Q1 Outreach,Nam Dang,Lotus Commerce 731,Hospitality,Vietnam,Ho Chi Minh City,19761.34,65,Qualified,Giang Ho,,
LEAD-0232,2026-04-07,Webinar,Spring Promo,Quang Nguyen,Delta Cloud 732,Manufacturing,Vietnam,Ho Chi Minh City,5034.64,57,Negotiation,Giang Ho,,
LEAD-0233,2024-01-06,Partner,Q1 Outreach,Linh Hoang,Jade Systems 733,SaaS,Vietnam,Ho Chi Minh City,16567.12,44,Proposal,Linh Vu,,
LEAD-0234,2024-03-30,LinkedIn,Industry Webinar,Ngoc Le,Alpha Health 734,SaaS,Vietnam,Ho Chi Minh City,3241.86,66,New,Dung Pham,,
LEAD-0235,2025-10-27,Email,Referral Drive,Nam Bui,Future Retail 735,Real Estate,Vietnam,Ho Chi Minh City,2609.29,63,Qualified,Binh Tran,,
LEAD-0236,2025-04-27,Website,Partner Co-Marketing,Anh Tran,Bright Labs 736,Hospitality,Malaysia,Kuala Lumpur,6444.43,51,Contacted,Khanh Do,,
LEAD-0237,2025-10-07,Partner,Referral Drive,Trang Dang,Smart Partners 737,Hospitality,Indonesia,Jakarta,14677.2,54,New,Khanh Do,,
LEAD-0238,2025-11-25,Event,Industry Webinar,Ngoc Tran,Insight Cloud 738,SaaS,Malaysia,Kuala Lumpur,965.98,15,Proposal,Binh Tran,,
LEAD-0239,2025-05-21,Paid Ads,Referral Drive,Vy Bui,Viet Labs 739,Logistics,Vietnam,Hanoi,4452.67,58,Qualified,Dung Pham,,
LEAD-0240,2024-05-14,Webinar,Cold Outreach,Vy Pham,Smart Education 740,Logistics,Thailand,Bangkok,20910.48,41,Proposal,Huy Vo,,
LEAD-0241,2024-10-16,Referral,Cold Outreach,Hanh Vo,Jade Capital 741,Hospitality,Vietnam,Ho Chi Minh City,4745.63,73,Negotiation,Linh Vu,,
LEAD-0242,2024-02-18,Website,Spring Promo,Minh Tran,Core Labs 742,Healthcare,Singapore,Singapore,17084.73,79,New,An Nguyen,,
LEAD-0243,2025-09-24,Email,Q1 Outreach,Vy Tran,Eco Partners 743,Real Estate,Vietnam,Ho Chi Minh City,12415.95,93,Negotiation,Giang Ho,,
LEAD-0244,2025-12-24,Website,Referral Drive,Phuc Tran,Urban Solutions 744,Hospitality,Philippines,Manila,19016.23,60,Lost,Binh Tran,,
LEAD-0245,2024-06-20,Referral,Partner Co-Marketing,Lam Le,Eco Systems 745,Education,Singapore,Singapore,4347.3,56,Qualified,Binh Tran,,
LEAD-0246,2024-05-05,Email,Referral Drive,Phuc Le,Lotus Works 746,Logistics,Philippines,Manila,19341.31,80,Contacted,Linh Vu,,
LEAD-0247,2024-03-28,Webinar,Spring Promo,Minh Do,Eco Cloud 747,Logistics,Singapore,Singapore,15921.29,62,Qualified,Dung Pham,,
LEAD-0248,2025-04-14,Paid Ads,Q1 Outreach,Lam Do,Core Labs 748,Hospitality,Vietnam,Ho Chi Minh City,19368.72,92,Proposal,Binh Tran,,
LEAD-0249,2026-03-01,LinkedIn,Referral Drive,Minh Do,Titan Works 749,SaaS,Thailand,Bangkok,19100.21,48,Won,An Nguyen,CUST-0284,2026-03-23
LEAD-0250,2026-01-08,Paid Ads,Spring Promo,Hanh Vo,Prime Commerce 750,SaaS,Philippines,Manila,7354.63,40,Qualified,Chi Le,,
LEAD-0251,2025-10-01,Event,Cold Outreach,Linh Le,Urban Labs 751,Finance,Philippines,Manila,19648.3,52,Contacted,An Nguyen,,
LEAD-0252,2025-06-16,Webinar,Industry Webinar,Quang Dang,Alpha Tech 752,Retail,Malaysia,Kuala Lumpur,14018.75,68,Qualified,Chi Le,,
LEAD-0253,2024-09-21,Email,Partner Co-Marketing,Duc Nguyen,Titan Systems 753,Healthcare,Indonesia,Jakarta,10857.27,32,Won,Giang Ho,CUST-0064,2024-11-20
LEAD-0254,2024-11-01,Website,Referral Drive,Khanh Dang,Nova Works 754,Finance,Vietnam,Ho Chi Minh City,20232.0,61,Lost,Dung Pham,,
LEAD-0255,2025-11-19,LinkedIn,Cold Outreach,Giang Do,Rapid Logistics 755,Logistics,Malaysia,Kuala Lumpur,18569.05,79,Contacted,Huy Vo,,
LEAD-0256,2025-02-25,Referral,Q1 Outreach,Phuc Do,Core Systems 756,SaaS,Thailand,Bangkok,22268.48,75,Qualified,Linh Vu,,
LEAD-0257,2025-08-25,Partner,Partner Co-Marketing,Giang Vo,Quantum Education 757,Healthcare,Malaysia,Kuala Lumpur,12721.27,44,Won,Linh Vu,CUST-0066,2025-10-29
LEAD-0258,2025-12-29,Event,Industry Webinar,Ha Vo,Smart Solutions 758,Real Estate,Philippines,Manila,13463.96,70,Proposal,Linh Vu,,
LEAD-0259,2025-01-13,Referral,ABM Campaign,Khanh Hoang,Jade Systems 759,Logistics,Vietnam,Hanoi,3461.23,57,New,Huy Vo,,
LEAD-0260,2025-05-12,Website,Partner Co-Marketing,Ha Bui,Jade Health 760,Manufacturing,Vietnam,Ho Chi Minh City,19702.92,59,Qualified,Giang Ho,,
LEAD-0261,2024-01-03,Referral,ABM Campaign,Vy Le,Prime Studio 761,Finance,Vietnam,Hanoi,21825.45,41,Proposal,Huy Vo,,
LEAD-0262,2026-02-19,LinkedIn,ABM Campaign,Linh Pham,Core Cloud 762,Hospitality,Philippines,Manila,11523.27,73,Qualified,Huy Vo,,
LEAD-0263,2025-02-08,Paid Ads,ABM Campaign,Quang Tran,Viet Works 763,SaaS,Indonesia,Jakarta,22306.06,59,Won,An Nguyen,CUST-0287,2025-02-21
LEAD-0264,2024-07-16,Website,ABM Campaign,Ha Nguyen,Delta Holdings 764,Real Estate,Vietnam,Ho Chi Minh City,18888.69,36,Qualified,An Nguyen,,
LEAD-0265,2024-10-08,Email,Industry Webinar,Minh Le,Alpha Labs 765,E-commerce,Thailand,Bangkok,2573.87,46,Proposal,Linh Vu,,
LEAD-0266,2025-02-28,Website,Partner Co-Marketing,Khanh Le,Urban Education 766,Real Estate,Singapore,Singapore,9859.27,58,New,Binh Tran,,
LEAD-0267,2024-07-06,Webinar,Partner Co-Marketing,Bao Hoang,Future Tech 767,Retail,Vietnam,Ho Chi Minh City,8016.46,52,Proposal,Huy Vo,,
LEAD-0268,2025-02-03,Referral,Spring Promo,Hoa Dang,Bright Health 768,Manufacturing,Thailand,Bangkok,22378.77,68,Contacted,Binh Tran,,
LEAD-0269,2025-08-23,Email,Referral Drive,Anh Do,Core Studio 769,Real Estate,Philippines,Manila,12858.32,75,Contacted,Khanh Do,,
LEAD-0270,2025-10-10,Email,Q1 Outreach,Khanh Dang,Urban Retail 770,Healthcare,Malaysia,Kuala Lumpur,24105.13,57,Proposal,Dung Pham,,
LEAD-0271,2025-02-20,Event,Q1 Outreach,Quang Bui,Urban Cloud 771,Real Estate,Vietnam,Ho Chi Minh City,19680.6,76,New,Dung Pham,,
LEAD-0272,2024-02-12,Website,Partner Co-Marketing,Ngoc Hoang,Alpha Solutions 772,Hospitality,Philippines,Manila,15707.88,79,Proposal,Chi Le,,
LEAD-0273,2025-09-04,Webinar,Partner Co-Marketing,Khanh Tran,Urban Foods 773,Logistics,Singapore,Singapore,21139.75,70,Contacted,Chi Le,,
LEAD-0274,2025-02-08,Referral,Partner Co-Marketing,Lam Vu,Global Partners 774,Manufacturing,Indonesia,Jakarta,14133.74,95,Contacted,Khanh Do,,
LEAD-0275,2025-10-12,Webinar,Partner Co-Marketing,Anh Dang,Alpha Retail 775,Hospitality,Singapore,Singapore,6525.24,78,Qualified,Huy Vo,,
LEAD-0276,2025-05-02,Website,Q1 Outreach,Chau Tran,Prime Holdings 776,Manufacturing,Thailand,Bangkok,14116.87,60,Proposal,Linh Vu,,
LEAD-0277,2025-07-05,Website,Partner Co-Marketing,Duc Bui,Future Tech 777,Hospitality,Indonesia,Jakarta,3523.68,79,Proposal,Khanh Do,,
LEAD-0278,2025-01-14,Email,Referral Drive,Vy Hoang,Global Foods 778,SaaS,Vietnam,Ho Chi Minh City,18707.04,58,Negotiation,Huy Vo,,
LEAD-0279,2026-04-07,Email,Industry Webinar,Duc Hoang,Global Group 779,Hospitality,Singapore,Singapore,1401.5,33,Proposal,An Nguyen,,
LEAD-0280,2025-08-05,Event,Industry Webinar,Chau Le,Core Retail 780,Real Estate,Vietnam,Ho Chi Minh City,16666.04,63,Proposal,Chi Le,,
LEAD-0281,2024-09-22,Email,ABM Campaign,Anh Do,Urban Commerce 781,Healthcare,Vietnam,Ho Chi Minh City,21267.85,98,Proposal,Giang Ho,,
LEAD-0282,2025-10-18,Website,Partner Co-Marketing,Ngoc Vu,Titan Commerce 782,Finance,Thailand,Bangkok,21186.37,68,Qualified,Binh Tran,,
LEAD-0283,2025-06-13,Website,Cold Outreach,Trang Nguyen,Lotus Foods 783,Education,Vietnam,Hanoi,7309.36,44,New,Dung Pham,,
LEAD-0284,2026-01-25,Email,Cold Outreach,Duc Nguyen,Jade Foods 784,Logistics,Vietnam,Hanoi,22966.38,71,Contacted,Huy Vo,,
LEAD-0285,2025-05-06,Partner,Partner Co-Marketing,Bao Vu,Hyper Labs 785,SaaS,Malaysia,Kuala Lumpur,20031.91,93,Contacted,Linh Vu,,
LEAD-0286,2025-06-16,Email,Q1 Outreach,Chau Nguyen,Viet Logistics 786,E-commerce,Malaysia,Kuala Lumpur,11243.97,48,New,Linh Vu,,
LEAD-0287,2024-02-04,Partner,Spring Promo,Bao Vo,Core Logistics 787,Retail,Philippines,Manila,3624.63,78,Contacted,Khanh Do,,
LEAD-0288,2024-02-23,Webinar,Partner Co-Marketing,Nam Do,Zen Tech 788,Logistics,Thailand,Bangkok,2847.84,52,Negotiation,Dung Pham,,
LEAD-0289,2025-04-20,Partner,ABM Campaign,Duc Tran,Viet Health 789,E-commerce,Vietnam,Hanoi,8820.6,91,Qualified,Huy Vo,,
LEAD-0290,2024-01-13,Referral,ABM Campaign,Vy Bui,Quantum Studio 790,Education,Malaysia,Kuala Lumpur,3586.55,49,Qualified,Huy Vo,,
LEAD-0291,2024-07-09,Email,Industry Webinar,Giang Le,Jade Holdings 791,SaaS,Vietnam,Hanoi,3628.18,43,Proposal,Huy Vo,,
LEAD-0292,2025-04-25,Webinar,ABM Campaign,Phuc Vo,Bright Capital 792,Finance,Singapore,Singapore,9536.33,51,New,Chi Le,,
LEAD-0293,2024-02-25,Partner,Spring Promo,Trang Dang,Rapid Labs 793,Education,Vietnam,Ho Chi Minh City,16193.59,64,Contacted,Linh Vu,,
LEAD-0294,2024-12-09,Webinar,Referral Drive,Anh Pham,Smart Capital 794,Finance,Vietnam,Ho Chi Minh City,3068.77,68,Won,An Nguyen,CUST-0118,2025-02-09
LEAD-0295,2025-09-30,Email,Industry Webinar,Lan Nguyen,Future Tech 795,Hospitality,Indonesia,Jakarta,19324.54,74,Qualified,Khanh Do,,
LEAD-0296,2024-03-16,Paid Ads,Q1 Outreach,Hanh Pham,Bright Tech 796,Real Estate,Vietnam,Hanoi,3988.85,31,Qualified,Huy Vo,,
LEAD-0297,2024-10-17,LinkedIn,Industry Webinar,Anh Le,Insight Logistics 797,Healthcare,Indonesia,Jakarta,4769.97,69,Contacted,Chi Le,,
LEAD-0298,2025-01-23,Referral,Spring Promo,Vy Do,Future Partners 798,Education,Singapore,Singapore,11676.99,50,Qualified,Huy Vo,,
LEAD-0299,2025-12-29,Referral,Q1 Outreach,Vy Dang,Hyper Solutions 799,Manufacturing,Vietnam,Ho Chi Minh City,19975.0,68,Qualified,Khanh Do,,
LEAD-0300,2024-07-12,Webinar,Partner Co-Marketing,Trang Bui,Eco Partners 800,Manufacturing,Singapore,Singapore,6555.71,78,Proposal,Giang Ho,,
LEAD-0301,2024-08-02,Referral,Partner Co-Marketing,Nam Le,Smart Partners 801,Hospitality,Philippines,Manila,16755.8,81,Negotiation,Huy Vo,,
LEAD-0302,2024-11-25,Paid Ads,ABM Campaign,Hanh Pham,Viet Solutions 802,Hospitality,Indonesia,Jakarta,23915.92,70,Qualified,Khanh Do,,
LEAD-0303,2024-07-26,Event,Partner Co-Marketing,Chau Le,Insight Holdings 803,Education,Thailand,Bangkok,5855.55,46,New,Huy Vo,,
LEAD-0304,2026-02-08,Referral,Spring Promo,Minh Bui,Titan Labs 804,Hospitality,Malaysia,Kuala Lumpur,9113.59,69,Proposal,Linh Vu,,
LEAD-0305,2025-04-23,Partner,Referral Drive,Chau Hoang,Core Systems 805,Finance,Philippines,Manila,12689.81,61,Qualified,Giang Ho,,
LEAD-0306,2025-05-28,Referral,Partner Co-Marketing,Lam Pham,Urban Health 806,Healthcare,Vietnam,Ho Chi Minh City,2911.02,65,New,An Nguyen,,
LEAD-0307,2025-11-22,Paid Ads,Spring Promo,Anh Hoang,Urban Media 807,Healthcare,Indonesia,Jakarta,20481.34,56,Proposal,Chi Le,,
LEAD-0308,2024-10-15,Paid Ads,Partner Co-Marketing,Giang Do,Smart Partners 808,Logistics,Thailand,Bangkok,20635.6,48,Negotiation,An Nguyen,,
LEAD-0309,2024-08-21,Email,Cold Outreach,Lam Pham,Lotus Foods 809,Education,Thailand,Bangkok,6226.22,42,Qualified,Linh Vu,,
LEAD-0310,2025-03-15,Partner,Industry Webinar,Khanh Nguyen,Viet Retail 810,Hospitality,Thailand,Bangkok,21397.13,50,New,Chi Le,,
LEAD-0311,2025-05-26,Paid Ads,Spring Promo,Trang Nguyen,Lotus Tech 811,Education,Thailand,Bangkok,10930.12,62,Proposal,Giang Ho,,
LEAD-0312,2024-05-22,LinkedIn,Spring Promo,Linh Tran,Prime Health 812,E-commerce,Indonesia,Jakarta,20079.07,31,Won,Khanh Do,CUST-0274,2024-07-13
LEAD-0313,2024-07-11,Event,Q1 Outreach,Anh Le,Bright Studio 813,Finance,Malaysia,Kuala Lumpur,24067.48,52,New,Chi Le,,
LEAD-0314,2024-07-22,Referral,Referral Drive,Lan Vo,Rapid Solutions 814,Healthcare,Vietnam,Ho Chi Minh City,6209.47,50,Proposal,Binh Tran,,
LEAD-0315,2024-01-12,LinkedIn,Spring Promo,Giang Pham,Prime Health 815,Logistics,Thailand,Bangkok,4347.37,79,Qualified,Binh Tran,,
LEAD-0316,2024-11-13,Partner,Partner Co-Marketing,Hung Pham,Titan Commerce 816,Hospitality,Vietnam,Ho Chi Minh City,15290.88,76,Won,Dung Pham,CUST-0004,2024-12-04
LEAD-0317,2025-04-01,Referral,Partner Co-Marketing,Chau Hoang,Rapid Solutions 817,Logistics,Malaysia,Kuala Lumpur,20285.36,22,Won,Linh Vu,CUST-0234,2025-05-18
LEAD-0318,2025-12-18,Webinar,Referral Drive,Nam Do,Future Cloud 818,E-commerce,Philippines,Manila,20344.63,55,New,Dung Pham,,
LEAD-0319,2025-11-05,LinkedIn,Cold Outreach,Chau Pham,Urban Works 819,E-commerce,Vietnam,Hanoi,10142.01,74,Won,Giang Ho,CUST-0253,2025-12-30
LEAD-0320,2026-02-19,Referral,Spring Promo,Ha Hoang,Quantum Commerce 820,Retail,Philippines,Manila,3078.0,57,Negotiation,Huy Vo,,
LEAD-0321,2024-07-31,Website,Referral Drive,Bao Nguyen,Global Group 821,SaaS,Vietnam,Hanoi,16152.23,52,Contacted,Khanh Do,,
LEAD-0322,2024-09-13,Referral,Cold Outreach,Quang Pham,Core Foods 822,Manufacturing,Singapore,Singapore,16922.24,44,Qualified,Linh Vu,,
LEAD-0323,2025-12-31,Event,Industry Webinar,Quang Do,Jade Logistics 823,Hospitality,Philippines,Manila,7338.98,80,Proposal,Chi Le,,
LEAD-0324,2024-06-21,Referral,Cold Outreach,Quang Pham,Global Solutions 824,SaaS,Indonesia,Jakarta,7194.68,91,Qualified,Chi Le,,
LEAD-0325,2025-03-28,Website,Partner Co-Marketing,Bao Do,Bright Tech 825,Real Estate,Indonesia,Jakarta,16732.23,57,Proposal,Linh Vu,,
LEAD-0326,2026-02-24,Email,Industry Webinar,Hanh Tran,Alpha Labs 826,Finance,Vietnam,Ho Chi Minh City,5399.65,54,New,An Nguyen,,
LEAD-0327,2024-08-13,Referral,Partner Co-Marketing,Quang Do,Zen Health 827,Manufacturing,Indonesia,Jakarta,4592.66,54,Contacted,Dung Pham,,
LEAD-0328,2025-03-14,Referral,Industry Webinar,Linh Pham,Lotus Tech 828,Education,Vietnam,Hanoi,9236.12,66,New,Khanh Do,,
LEAD-0329,2025-04-14,Email,Q1 Outreach,Trang Le,Delta Holdings 829,Healthcare,Indonesia,Jakarta,15785.78,98,Qualified,Linh Vu,,
LEAD-0330,2024-09-14,Referral,ABM Campaign,Lam Bui,Lotus Education 830,Finance,Indonesia,Jakarta,17559.73,72,Proposal,Chi Le,,
LEAD-0331,2024-03-10,Paid Ads,Q1 Outreach,Vy Tran,Hyper Tech 831,E-commerce,Malaysia,Kuala Lumpur,11498.33,32,Qualified,An Nguyen,,
LEAD-0332,2024-11-12,Email,Cold Outreach,Khanh Pham,Nova Studio 832,Logistics,Philippines,Manila,6466.87,59,New,Chi Le,,
LEAD-0333,2024-06-04,Partner,Industry Webinar,Lam Nguyen,Eco Media 833,SaaS,Vietnam,Ho Chi Minh City,23123.52,26,Negotiation,Huy Vo,,
LEAD-0334,2025-06-17,Partner,Cold Outreach,Hanh Vo,Lotus Capital 834,Healthcare,Philippines,Manila,1080.49,36,Won,Huy Vo,CUST-0028,2025-09-13
LEAD-0335,2024-09-11,Email,ABM Campaign,Giang Pham,Global Solutions 835,Logistics,Malaysia,Kuala Lumpur,8380.11,60,Won,Binh Tran,CUST-0065,2024-09-25
LEAD-0336,2024-06-26,Email,Industry Webinar,Minh Le,Global Capital 836,Real Estate,Vietnam,Hanoi,10942.88,62,Qualified,Chi Le,,
LEAD-0337,2025-09-12,Email,Spring Promo,Linh Le,Nova Group 837,Healthcare,Malaysia,Kuala Lumpur,11482.64,52,Negotiation,Binh Tran,,
LEAD-0338,2025-04-27,Event,Referral Drive,Minh Tran,Alpha Group 838,Real Estate,Malaysia,Kuala Lumpur,18505.74,51,Negotiation,Linh Vu,,
LEAD-0339,2026-02-16,Webinar,ABM Campaign,Vy Bui,Prime Holdings 839,Real Estate,Vietnam,Ho Chi Minh City,14044.88,69,Contacted,Giang Ho,,
LEAD-0340,2024-03-14,Paid Ads,Industry Webinar,Ngoc Do,Titan Systems 840,Hospitality,Vietnam,Ho Chi Minh City,4290.75,77,Contacted,An Nguyen,,
LEAD-0341,2025-03-01,Partner,Cold Outreach,Trang Le,Delta Group 841,Finance,Thailand,Bangkok,12494.0,46,Qualified,An Nguyen,,
LEAD-0342,2024-07-17,Partner,Spring Promo,Minh Pham,Bright Group 842,Finance,Malaysia,Kuala Lumpur,17873.65,43,Proposal,Huy Vo,,
LEAD-0343,2024-09-05,Event,Q1 Outreach,Hoa Dang,Eco Media 843,Finance,Indonesia,Jakarta,17810.69,88,New,Linh Vu,,
LEAD-0344,2025-08-15,LinkedIn,Q1 Outreach,Phuc Pham,Prime Foods 844,Retail,Philippines,Manila,2761.49,66,Proposal,Khanh Do,,
LEAD-0345,2025-03-09,LinkedIn,Partner Co-Marketing,Duc Dang,Quantum Foods 845,Logistics,Singapore,Singapore,17450.0,39,Won,Giang Ho,CUST-0177,2025-03-30
LEAD-0346,2024-10-02,Email,Cold Outreach,Chau Do,Alpha Logistics 846,Logistics,Indonesia,Jakarta,8048.46,61,Lost,Linh Vu,,
LEAD-0347,2025-06-21,Partner,Cold Outreach,Duc Bui,Future Partners 847,Healthcare,Indonesia,Jakarta,11058.27,67,New,Linh Vu,,
LEAD-0348,2025-08-03,Email,Industry Webinar,Nam Dang,Insight Cloud 848,Education,Vietnam,Hanoi,18872.94,72,Negotiation,Dung Pham,,
LEAD-0349,2024-04-21,LinkedIn,Q1 Outreach,Anh Nguyen,Smart Logistics 849,Healthcare,Vietnam,Hanoi,9754.35,59,Proposal,Linh Vu,,
LEAD-0350,2024-09-29,Website,Cold Outreach,Hung Bui,Prime Partners 850,E-commerce,Philippines,Manila,24696.66,78,New,An Nguyen,,
LEAD-0351,2025-04-29,Paid Ads,ABM Campaign,Vy Nguyen,Prime Group 851,Logistics,Singapore,Singapore,9584.24,98,Negotiation,Huy Vo,,
LEAD-0352,2024-12-30,Paid Ads,Partner Co-Marketing,Phuc Hoang,Alpha Logistics 852,Retail,Vietnam,Hanoi,11694.52,17,Proposal,Chi Le,,
LEAD-0353,2025-12-17,Email,Spring Promo,Lan Nguyen,Lotus Tech 853,Hospitality,Malaysia,Kuala Lumpur,17311.53,76,Proposal,An Nguyen,,
LEAD-0354,2026-04-06,Paid Ads,Cold Outreach,Ngoc Tran,Nova Cloud 854,Hospitality,Vietnam,Ho Chi Minh City,15365.69,46,Qualified,Binh Tran,,
LEAD-0355,2026-01-21,Partner,Spring Promo,Chau Hoang,Eco Studio 855,E-commerce,Vietnam,Ho Chi Minh City,17942.58,87,Negotiation,An Nguyen,,
LEAD-0356,2025-11-20,Event,Industry Webinar,Chau Tran,Global Education 856,Hospitality,Vietnam,Hanoi,12313.13,35,Qualified,Dung Pham,,
LEAD-0357,2025-03-21,Website,Industry Webinar,Ngoc Tran,Eco Holdings 857,Finance,Thailand,Bangkok,19274.57,64,Qualified,Binh Tran,,
LEAD-0358,2026-03-25,Paid Ads,Partner Co-Marketing,Quang Do,Prime Group 858,Education,Malaysia,Kuala Lumpur,19275.27,75,Proposal,Huy Vo,,
LEAD-0359,2026-04-07,Email,Industry Webinar,Giang Vu,Delta Systems 859,Healthcare,Vietnam,Hanoi,7628.92,74,Proposal,Dung Pham,,
LEAD-0360,2025-01-24,Website,Spring Promo,Giang Vo,Lotus Systems 860,SaaS,Malaysia,Kuala Lumpur,13622.27,72,Won,Khanh Do,CUST-0309,2025-04-12
LEAD-0361,2024-08-15,Referral,Referral Drive,Giang Dang,Smart Commerce 861,SaaS,Malaysia,Kuala Lumpur,21382.87,48,Contacted,Dung Pham,,
LEAD-0362,2024-10-17,LinkedIn,Cold Outreach,Hanh Bui,Insight Studio 862,SaaS,Malaysia,Kuala Lumpur,8343.41,92,Qualified,Binh Tran,,
LEAD-0363,2024-10-25,Partner,Q1 Outreach,Linh Hoang,Future Studio 863,Finance,Vietnam,Ho Chi Minh City,20783.18,69,Negotiation,An Nguyen,,
LEAD-0364,2026-04-14,LinkedIn,Q1 Outreach,Chau Vo,Prime Group 864,Real Estate,Thailand,Bangkok,8766.55,90,Proposal,Huy Vo,,
LEAD-0365,2026-01-14,Webinar,Spring Promo,Ha Dang,Jade Commerce 865,Education,Indonesia,Jakarta,21478.18,54,Negotiation,An Nguyen,,
LEAD-0366,2024-05-20,Event,Cold Outreach,Trang Tran,Alpha Systems 866,Hospitality,Singapore,Singapore,22481.84,67,Contacted,Dung Pham,,
LEAD-0367,2025-11-25,LinkedIn,Referral Drive,Phuc Vu,Bright Logistics 867,Logistics,Indonesia,Jakarta,21120.67,69,Lost,Chi Le,,
LEAD-0368,2025-08-30,Partner,Industry Webinar,Linh Tran,Jade Education 868,Logistics,Vietnam,Ho Chi Minh City,1332.82,58,Contacted,Linh Vu,,
LEAD-0369,2026-03-07,Event,Partner Co-Marketing,Hoa Nguyen,Smart Partners 869,Logistics,Singapore,Singapore,15992.17,59,New,Binh Tran,,
LEAD-0370,2025-08-23,Event,Spring Promo,Duc Vu,Jade Retail 870,Retail,Philippines,Manila,15025.54,62,Qualified,Khanh Do,,
LEAD-0371,2024-03-06,LinkedIn,Referral Drive,Ha Dang,Global Logistics 871,SaaS,Thailand,Bangkok,14123.47,29,Qualified,Binh Tran,,
LEAD-0372,2025-12-12,LinkedIn,Q1 Outreach,Ha Tran,Viet Health 872,Real Estate,Thailand,Bangkok,20112.57,54,New,Chi Le,,
LEAD-0373,2025-07-29,Webinar,Partner Co-Marketing,Khanh Nguyen,Alpha Capital 873,SaaS,Vietnam,Hanoi,24508.25,44,Qualified,Khanh Do,,
LEAD-0374,2025-06-15,Webinar,Cold Outreach,Vy Vo,Titan Systems 874,Real Estate,Thailand,Bangkok,3926.45,61,Qualified,Huy Vo,,
LEAD-0375,2025-06-06,Email,Cold Outreach,Hanh Dang,Eco Holdings 875,Retail,Indonesia,Jakarta,20584.2,62,Contacted,Dung Pham,,
LEAD-0376,2025-01-02,Webinar,Industry Webinar,Nam Tran,Future Group 876,E-commerce,Thailand,Bangkok,2321.81,73,Contacted,Khanh Do,,
LEAD-0377,2024-09-17,Partner,Cold Outreach,Vy Le,Nova Partners 877,Manufacturing,Malaysia,Kuala Lumpur,5492.19,52,Proposal,Dung Pham,,
LEAD-0378,2025-03-05,LinkedIn,Spring Promo,Quang Tran,Insight Logistics 878,Logistics,Thailand,Bangkok,1134.79,51,Proposal,Binh Tran,,
LEAD-0379,2025-12-01,Partner,Q1 Outreach,Duc Do,Insight Tech 879,Finance,Indonesia,Jakarta,2679.87,88,New,Dung Pham,,
LEAD-0380,2024-08-15,Partner,Q1 Outreach,Lan Dang,Delta Partners 880,Retail,Vietnam,Ho Chi Minh City,13398.65,45,Won,Linh Vu,CUST-0145,2024-10-27
LEAD-0381,2024-10-04,Referral,Q1 Outreach,Hung Nguyen,Smart Retail 881,Manufacturing,Singapore,Singapore,23689.5,49,Negotiation,Khanh Do,,
LEAD-0382,2025-12-04,LinkedIn,Cold Outreach,Vy Do,Nova Capital 882,Manufacturing,Vietnam,Ho Chi Minh City,9780.62,72,Negotiation,An Nguyen,,
LEAD-0383,2025-12-24,Event,Industry Webinar,Khanh Do,Jade Foods 883,Hospitality,Singapore,Singapore,20062.49,47,Qualified,Dung Pham,,
LEAD-0384,2026-02-28,Paid Ads,Partner Co-Marketing,Chau Hoang,Future Solutions 884,Retail,Indonesia,Jakarta,2447.13,61,Negotiation,Binh Tran,,
LEAD-0385,2025-07-21,Event,Partner Co-Marketing,Vy Pham,Prime Tech 885,SaaS,Thailand,Bangkok,17087.31,70,Qualified,Binh Tran,,
LEAD-0386,2026-02-02,Website,Cold Outreach,Ha Vo,Zen Commerce 886,Logistics,Indonesia,Jakarta,13590.96,57,Contacted,An Nguyen,,
LEAD-0387,2024-08-18,LinkedIn,Q1 Outreach,Lam Pham,Nova Logistics 887,Finance,Philippines,Manila,3766.31,58,Qualified,Chi Le,,
LEAD-0388,2025-07-06,Referral,Spring Promo,Phuc Nguyen,Global Works 888,Healthcare,Thailand,Bangkok,7691.85,66,Contacted,Khanh Do,,
LEAD-0389,2025-04-19,Event,Q1 Outreach,Anh Tran,Prime Systems 889,Finance,Vietnam,Hanoi,15580.49,54,New,Chi Le,,
LEAD-0390,2025-03-17,Event,Industry Webinar,Giang Hoang,Smart Tech 890,Retail,Malaysia,Kuala Lumpur,13100.81,76,New,Binh Tran,,
LEAD-0391,2024-08-19,Event,Referral Drive,Giang Vu,Rapid Education 891,Finance,Singapore,Singapore,9430.14,79,Contacted,Linh Vu,,
LEAD-0392,2026-02-04,Partner,Q1 Outreach,Linh Do,Bright Retail 892,Finance,Philippines,Manila,17875.88,48,New,Giang Ho,,
LEAD-0393,2026-01-31,Paid Ads,Q1 Outreach,Ngoc Le,Smart Holdings 893,Manufacturing,Indonesia,Jakarta,5375.3,35,Contacted,Khanh Do,,
LEAD-0394,2024-11-28,Partner,ABM Campaign,Lan Vo,Eco Retail 894,Logistics,Vietnam,Ho Chi Minh City,3188.45,65,New,An Nguyen,,
LEAD-0395,2024-01-14,Email,Q1 Outreach,Hoa Dang,Core Cloud 895,Finance,Thailand,Bangkok,24422.74,60,Contacted,Linh Vu,,
LEAD-0396,2024-06-05,LinkedIn,Industry Webinar,Ngoc Tran,Quantum Health 896,Healthcare,Philippines,Manila,3317.99,42,Contacted,Dung Pham,,
LEAD-0397,2025-12-18,LinkedIn,Industry Webinar,Anh Dang,Eco Cloud 897,E-commerce,Indonesia,Jakarta,16044.69,63,New,Dung Pham,,
LEAD-0398,2024-07-23,Referral,Partner Co-Marketing,Minh Bui,Hyper Labs 898,SaaS,Thailand,Bangkok,10478.78,71,Contacted,Dung Pham,,
LEAD-0399,2024-03-03,Partner,Cold Outreach,Ha Nguyen,Lotus Solutions 899,SaaS,Singapore,Singapore,3196.35,33,Proposal,Dung Pham,,
LEAD-0400,2024-01-01,Website,Cold Outreach,Hung Bui,Quantum Education 900,Finance,Vietnam,Ho Chi Minh City,7490.27,94,Contacted,Binh Tran,,
LEAD-0401,2025-01-07,Paid Ads,Spring Promo,Vy Vu,Nova Partners 901,Retail,Vietnam,Hanoi,16889.21,49,New,Huy Vo,,
LEAD-0402,2024-08-31,Webinar,Industry Webinar,Hanh Bui,Bright Health 902,E-commerce,Thailand,Bangkok,2637.16,33,New,Binh Tran,,
LEAD-0403,2024-04-11,Referral,ABM Campaign,Hanh Do,Bright Retail 903,E-commerce,Singapore,Singapore,7886.17,31,Qualified,Chi Le,,
LEAD-0404,2025-07-17,Webinar,Partner Co-Marketing,Ngoc Do,Quantum Foods 904,Real Estate,Singapore,Singapore,22425.37,66,Qualified,Binh Tran,,
LEAD-0405,2025-06-20,Website,Industry Webinar,Quang Vo,Prime Studio 905,E-commerce,Singapore,Singapore,17569.3,65,Proposal,Dung Pham,,
LEAD-0406,2024-03-17,LinkedIn,Referral Drive,Anh Le,Global Education 906,Real Estate,Thailand,Bangkok,14281.22,65,Qualified,Giang Ho,,
LEAD-0407,2025-08-08,Email,ABM Campaign,Quang Tran,Jade Media 907,SaaS,Philippines,Manila,13063.49,33,Contacted,Dung Pham,,
LEAD-0408,2024-06-24,Email,Q1 Outreach,Bao Pham,Eco Media 908,Real Estate,Vietnam,Ho Chi Minh City,7650.16,61,Proposal,Giang Ho,,
LEAD-0409,2024-08-03,Referral,Q1 Outreach,Vy Hoang,Eco Cloud 909,Finance,Indonesia,Jakarta,15326.41,56,Proposal,Giang Ho,,
LEAD-0410,2024-11-28,Website,Cold Outreach,Anh Vo,Future Media 910,SaaS,Philippines,Manila,9209.34,67,Negotiation,Giang Ho,,
LEAD-0411,2025-11-04,Referral,Cold Outreach,Hung Pham,Hyper Labs 911,Logistics,Indonesia,Jakarta,6804.96,44,Contacted,Linh Vu,,
LEAD-0412,2025-08-18,Partner,Industry Webinar,Ngoc Le,Smart Foods 912,Hospitality,Vietnam,Ho Chi Minh City,18380.39,44,Qualified,Chi Le,,
LEAD-0413,2025-04-15,LinkedIn,Partner Co-Marketing,Linh Dang,Future Education 913,Manufacturing,Vietnam,Ho Chi Minh City,14456.62,72,Contacted,Giang Ho,,
LEAD-0414,2024-07-11,Referral,Industry Webinar,Giang Nguyen,Delta Partners 914,Retail,Thailand,Bangkok,6508.72,58,Won,Khanh Do,CUST-0309,2024-07-26
LEAD-0415,2025-01-21,Partner,Q1 Outreach,Vy Nguyen,Insight Retail 915,Retail,Philippines,Manila,832.03,82,New,Binh Tran,,
LEAD-0416,2026-03-22,Website,Partner Co-Marketing,Ngoc Dang,Global Retail 916,Retail,Malaysia,Kuala Lumpur,18535.22,25,Contacted,Binh Tran,,
LEAD-0417,2025-03-30,LinkedIn,Spring Promo,Duc Vo,Alpha Solutions 917,Finance,Thailand,Bangkok,4285.58,87,Proposal,Binh Tran,,
LEAD-0418,2024-10-30,Referral,ABM Campaign,Giang Vu,Quantum Group 918,Logistics,Vietnam,Ho Chi Minh City,529.66,71,Contacted,Dung Pham,,
LEAD-0419,2025-11-02,Webinar,Industry Webinar,Khanh Vu,Hyper Logistics 919,Logistics,Indonesia,Jakarta,22163.49,65,New,Binh Tran,,
LEAD-0420,2024-03-19,Paid Ads,Q1 Outreach,Lam Dang,Quantum Partners 920,Finance,Vietnam,Hanoi,22441.87,54,Proposal,Chi Le,,
LEAD-0421,2024-07-04,Partner,Industry Webinar,Anh Le,Insight Foods 921,Healthcare,Malaysia,Kuala Lumpur,20530.28,57,Won,Huy Vo,CUST-0076,2024-08-16
LEAD-0422,2024-05-31,Partner,Referral Drive,Lam Le,Eco Foods 922,Hospitality,Philippines,Manila,2149.18,68,Proposal,Giang Ho,,
LEAD-0423,2024-07-05,Partner,Spring Promo,Linh Do,Eco Capital 923,Finance,Thailand,Bangkok,10883.89,55,Negotiation,Huy Vo,,
LEAD-0424,2025-07-16,Event,ABM Campaign,Phuc Dang,Core Cloud 924,Real Estate,Thailand,Bangkok,13545.62,44,Negotiation,Khanh Do,,
LEAD-0425,2026-03-06,Email,Cold Outreach,Bao Vu,Eco Logistics 925,Retail,Vietnam,Ho Chi Minh City,9361.88,72,Qualified,Linh Vu,,
LEAD-0426,2025-01-04,LinkedIn,Spring Promo,Hoa Nguyen,Hyper Health 926,Hospitality,Vietnam,Ho Chi Minh City,20963.68,95,Qualified,Khanh Do,,
LEAD-0427,2026-02-03,LinkedIn,Q1 Outreach,Ngoc Dang,Viet Foods 927,Manufacturing,Thailand,Bangkok,18460.5,55,New,Binh Tran,,
LEAD-0428,2024-06-10,Website,Industry Webinar,Ngoc Le,Eco Education 928,Finance,Vietnam,Ho Chi Minh City,2435.34,44,New,Khanh Do,,
LEAD-0429,2026-02-05,Webinar,Referral Drive,Vy Le,Bright Solutions 929,Logistics,Indonesia,Jakarta,8764.76,67,Contacted,Chi Le,,
LEAD-0430,2025-05-30,LinkedIn,Q1 Outreach,Trang Vo,Urban Media 930,Logistics,Philippines,Manila,10878.71,34,Lost,Linh Vu,,
LEAD-0431,2024-11-09,Email,Referral Drive,Hoa Do,Prime Solutions 931,Manufacturing,Singapore,Singapore,24341.5,15,New,Dung Pham,,
LEAD-0432,2024-07-07,Referral,Partner Co-Marketing,Lan Do,Future Solutions 932,Hospitality,Thailand,Bangkok,8173.15,55,Proposal,Khanh Do,,
LEAD-0433,2024-07-18,Webinar,Q1 Outreach,Chau Pham,Urban Logistics 933,Retail,Vietnam,Hanoi,9386.19,64,Contacted,Chi Le,,
LEAD-0434,2025-09-03,Website,Partner Co-Marketing,Chau Dang,Hyper Media 934,Healthcare,Vietnam,Ho Chi Minh City,14016.44,45,Proposal,An Nguyen,,
LEAD-0435,2025-08-01,Website,ABM Campaign,Hanh Vu,Prime Partners 935,Hospitality,Vietnam,Hanoi,1677.2,74,Lost,Giang Ho,,
LEAD-0436,2026-02-08,Partner,Cold Outreach,Phuc Le,Titan Logistics 936,Finance,Vietnam,Ho Chi Minh City,17715.09,70,New,Khanh Do,,
LEAD-0437,2024-01-25,Partner,Referral Drive,Giang Le,Hyper Health 937,E-commerce,Philippines,Manila,21374.66,59,Qualified,Binh Tran,,
LEAD-0438,2025-05-28,Paid Ads,Referral Drive,Hoa Pham,Bright Group 938,Manufacturing,Singapore,Singapore,7625.62,71,Proposal,Khanh Do,,
LEAD-0439,2025-09-17,Referral,Industry Webinar,Ngoc Tran,Urban Foods 939,E-commerce,Indonesia,Jakarta,24862.91,64,Negotiation,Giang Ho,,
LEAD-0440,2025-04-10,Paid Ads,Industry Webinar,Ha Bui,Core Foods 940,Healthcare,Vietnam,Ho Chi Minh City,2169.97,63,Proposal,Huy Vo,,
LEAD-0441,2024-09-21,Event,Spring Promo,Minh Dang,Jade Group 941,Hospitality,Indonesia,Jakarta,23141.94,98,Qualified,Huy Vo,,
LEAD-0442,2025-11-27,LinkedIn,Referral Drive,Phuc Bui,Core Cloud 942,Finance,Malaysia,Kuala Lumpur,21198.47,44,Lost,Huy Vo,,
LEAD-0443,2024-09-26,Website,ABM Campaign,Ha Dang,Jade Group 943,SaaS,Indonesia,Jakarta,19869.47,54,New,Binh Tran,,
LEAD-0444,2025-02-12,Referral,Industry Webinar,Nam Tran,Rapid Holdings 944,Logistics,Philippines,Manila,11825.83,40,New,Linh Vu,,
LEAD-0445,2024-03-28,LinkedIn,Cold Outreach,Duc Hoang,Global Studio 945,Retail,Thailand,Bangkok,19321.31,67,Contacted,Linh Vu,,
LEAD-0446,2025-04-10,Website,ABM Campaign,Bao Vu,Zen Group 946,Manufacturing,Thailand,Bangkok,4065.09,77,Contacted,An Nguyen,,
LEAD-0447,2026-03-19,Partner,Referral Drive,Giang Tran,Future Foods 947,Education,Vietnam,Hanoi,5681.58,92,Qualified,Giang Ho,,
LEAD-0448,2024-10-07,Partner,Q1 Outreach,Bao Tran,Insight Education 948,Healthcare,Philippines,Manila,17949.06,66,Won,Dung Pham,CUST-0220,2024-11-22
LEAD-0449,2026-02-10,Webinar,Industry Webinar,Anh Vo,Nova Group 949,Education,Singapore,Singapore,23577.57,39,Negotiation,Khanh Do,,
LEAD-0450,2026-03-12,Email,Q1 Outreach,Nam Le,Alpha Retail 950,E-commerce,Malaysia,Kuala Lumpur,4043.12,64,Proposal,Huy Vo,,
LEAD-0451,2025-05-26,Paid Ads,Q1 Outreach,Bao Pham,Rapid Logistics 951,Logistics,Singapore,Singapore,13256.95,81,Negotiation,Chi Le,,
LEAD-0452,2026-02-02,Email,Referral Drive,Trang Nguyen,Global Health 952,Real Estate,Philippines,Manila,4569.48,62,Qualified,Huy Vo,,
LEAD-0453,2025-01-14,Paid Ads,Q1 Outreach,Lan Vu,Quantum Cloud 953,Healthcare,Singapore,Singapore,12801.09,80,Proposal,Linh Vu,,
LEAD-0454,2025-07-09,Partner,ABM Campaign,Vy Le,Future Holdings 954,Finance,Vietnam,Hanoi,23195.55,41,Qualified,Huy Vo,,
LEAD-0455,2025-07-09,Partner,Referral Drive,Chau Nguyen,Core Logistics 955,Healthcare,Philippines,Manila,16660.34,51,Proposal,Binh Tran,,
LEAD-0456,2025-09-23,Partner,Q1 Outreach,Trang Nguyen,Rapid Partners 956,Hospitality,Indonesia,Jakarta,18917.31,38,Won,Binh Tran,CUST-0149,2025-11-18
LEAD-0457,2024-08-04,Email,Partner Co-Marketing,Anh Vu,Quantum Group 957,Hospitality,Malaysia,Kuala Lumpur,9836.46,68,New,Linh Vu,,
LEAD-0458,2026-03-11,Email,ABM Campaign,Minh Nguyen,Hyper Tech 958,Healthcare,Singapore,Singapore,22050.38,81,Contacted,Khanh Do,,
LEAD-0459,2024-01-16,Website,Industry Webinar,Linh Pham,Hyper Holdings 959,Finance,Philippines,Manila,20509.32,72,Contacted,Khanh Do,,
LEAD-0460,2025-09-23,Partner,Partner Co-Marketing,Lam Vo,Future Group 960,SaaS,Philippines,Manila,23332.54,39,Qualified,Khanh Do,,
LEAD-0461,2024-06-11,Partner,Industry Webinar,Lam Pham,Urban Education 961,Retail,Indonesia,Jakarta,20128.71,36,Negotiation,Giang Ho,,
LEAD-0462,2024-04-05,Referral,Q1 Outreach,Chau Dang,Zen Holdings 962,Logistics,Vietnam,Hanoi,15907.91,61,Proposal,An Nguyen,,
LEAD-0463,2025-01-26,Website,Cold Outreach,Quang Pham,Jade Health 963,Manufacturing,Thailand,Bangkok,16044.35,63,Proposal,Dung Pham,,
LEAD-0464,2026-01-13,Partner,Partner Co-Marketing,Duc Bui,Alpha Logistics 964,Healthcare,Indonesia,Jakarta,1767.85,50,New,Chi Le,,
LEAD-0465,2025-09-02,Referral,Q1 Outreach,Ngoc Nguyen,Prime Logistics 965,Manufacturing,Singapore,Singapore,6918.87,65,Won,Dung Pham,CUST-0212,2025-09-14
LEAD-0466,2025-05-13,Referral,Industry Webinar,Khanh Nguyen,Future Education 966,Logistics,Thailand,Bangkok,22297.98,68,Proposal,Linh Vu,,
LEAD-0467,2024-07-01,Website,Q1 Outreach,Vy Nguyen,Delta Health 967,Finance,Singapore,Singapore,12355.82,44,New,Giang Ho,,
LEAD-0468,2025-07-02,Website,ABM Campaign,Lam Le,Global Tech 968,Real Estate,Philippines,Manila,4232.48,47,Won,Binh Tran,CUST-0113,2025-07-15
LEAD-0469,2026-01-15,LinkedIn,Spring Promo,Phuc Do,Smart Cloud 969,Healthcare,Thailand,Bangkok,5381.32,85,Proposal,Linh Vu,,
LEAD-0470,2024-07-16,Webinar,Industry Webinar,Ha Pham,Delta Works 970,Education,Indonesia,Jakarta,21227.88,77,Proposal,Khanh Do,,
LEAD-0471,2026-01-09,Event,Referral Drive,Trang Vu,Quantum Health 971,Hospitality,Thailand,Bangkok,15110.08,59,New,Khanh Do,,
LEAD-0472,2025-01-17,Referral,Referral Drive,Lan Do,Jade Partners 972,Manufacturing,Vietnam,Hanoi,23973.39,77,Contacted,Khanh Do,,
LEAD-0473,2024-01-31,Referral,Industry Webinar,Duc Nguyen,Eco Labs 973,Finance,Thailand,Bangkok,19876.96,57,Proposal,Huy Vo,,
LEAD-0474,2024-11-22,Website,Cold Outreach,Linh Hoang,Urban Foods 974,Finance,Vietnam,Ho Chi Minh City,11901.73,67,Negotiation,Dung Pham,,
LEAD-0475,2025-09-08,Email,ABM Campaign,Minh Vu,Viet Cloud 975,Education,Vietnam,Hanoi,14243.49,52,Negotiation,Binh Tran,,
LEAD-0476,2026-04-12,Paid Ads,Industry Webinar,Duc Bui,Quantum Logistics 976,Education,Vietnam,Hanoi,20166.77,19,Qualified,Giang Ho,,
LEAD-0477,2024-06-24,Paid Ads,ABM Campaign,Giang Do,Rapid Works 977,Logistics,Vietnam,Ho Chi Minh City,14622.14,56,Won,An Nguyen,CUST-0019,2024-09-03
LEAD-0478,2025-06-24,Website,Spring Promo,Lam Vu,Jade Media 978,SaaS,Vietnam,Hanoi,12012.39,87,Negotiation,Khanh Do,,
LEAD-0479,2025-02-13,Referral,ABM Campaign,Anh Pham,Nova Logistics 979,Finance,Thailand,Bangkok,15501.86,40,Qualified,Binh Tran,,
LEAD-0480,2024-02-18,Website,Industry Webinar,Hanh Vu,Future Foods 980,Retail,Singapore,Singapore,21604.02,79,Negotiation,Dung Pham,,
LEAD-0481,2026-04-15,Website,Cold Outreach,Hung Le,Lotus Group 981,SaaS,Singapore,Singapore,22141.32,67,Contacted,Giang Ho,,
LEAD-0482,2024-05-21,Event,Q1 Outreach,Phuc Vo,Rapid Logistics 982,Manufacturing,Singapore,Singapore,21616.43,63,Negotiation,Khanh Do,,
LEAD-0483,2024-09-03,Event,Cold Outreach,Quang Pham,Core Systems 983,Hospitality,Singapore,Singapore,8386.83,60,Contacted,Giang Ho,,
LEAD-0484,2025-11-06,Email,Cold Outreach,Linh Pham,Global Commerce 984,Retail,Vietnam,Hanoi,24308.25,49,New,An Nguyen,,
LEAD-0485,2025-05-14,Referral,Spring Promo,Phuc Tran,Rapid Retail 985,Education,Philippines,Manila,14967.82,26,Negotiation,Giang Ho,,
LEAD-0486,2024-05-13,Email,Spring Promo,Hung Do,Global Foods 986,Logistics,Thailand,Bangkok,21762.54,55,Qualified,Khanh Do,,
LEAD-0487,2024-06-17,Webinar,Partner Co-Marketing,Hung Nguyen,Rapid Education 987,E-commerce,Indonesia,Jakarta,3000.58,53,New,An Nguyen,,
LEAD-0488,2025-05-02,Event,Spring Promo,Linh Vo,Global Retail 988,Healthcare,Vietnam,Hanoi,23209.73,64,New,Khanh Do,,
LEAD-0489,2025-03-17,Paid Ads,Q1 Outreach,Linh Le,Jade Health 989,Hospitality,Singapore,Singapore,9559.63,78,Won,Dung Pham,CUST-0305,2025-04-24
LEAD-0490,2025-06-26,Event,ABM Campaign,Bao Nguyen,Hyper Logistics 990,Logistics,Vietnam,Hanoi,17188.43,67,Proposal,Binh Tran,,
LEAD-0491,2025-08-12,Webinar,Industry Webinar,Hoa Hoang,Prime Logistics 991,Retail,Malaysia,Kuala Lumpur,2975.28,65,Proposal,Khanh Do,,
LEAD-0492,2025-05-22,Email,Industry Webinar,Ha Vo,Alpha Logistics 992,Education,Singapore,Singapore,16104.03,86,Proposal,Giang Ho,,
LEAD-0493,2025-12-18,Event,Cold Outreach,Giang Nguyen,Lotus Commerce 993,Healthcare,Philippines,Manila,22713.36,63,New,Chi Le,,
LEAD-0494,2025-11-13,Event,Referral Drive,Vy Vu,Future Tech 994,Finance,Vietnam,Hanoi,4849.12,77,Contacted,Binh Tran,,
LEAD-0495,2025-04-30,Website,Referral Drive,Ha Le,Titan Partners 995,Education,Thailand,Bangkok,3179.96,71,Lost,Dung Pham,,
LEAD-0496,2026-03-04,Referral,Q1 Outreach,Ngoc Hoang,Urban Media 996,Healthcare,Philippines,Manila,18536.57,40,Qualified,Huy Vo,,
LEAD-0497,2025-01-08,Event,Q1 Outreach,Phuc Nguyen,Delta Media 997,Finance,Singapore,Singapore,17898.85,86,Won,Linh Vu,CUST-0076,2025-03-04
LEAD-0498,2024-08-13,LinkedIn,Spring Promo,Chau Pham,Nova Health 998,Hospitality,Vietnam,Hanoi,6487.01,42,Negotiation,Khanh Do,,
LEAD-0499,2025-01-21,Referral,Spring Promo,Trang Do,Lotus Group 999,Real Estate,Thailand,Bangkok,24689.63,69,Won,Huy Vo,CUST-0142,2025-03-04
LEAD-0500,2024-07-14,Website,ABM Campaign,Khanh Tran,Rapid Systems 1000,Real Estate,Indonesia,Jakarta,8910.22,54,Proposal,Khanh Do,,
LEAD-0501,2024-01-09,Event,Cold Outreach,Khanh Tran,Jade Studio 1001,Manufacturing,Thailand,Bangkok,17182.62,47,Qualified,Chi Le,,
LEAD-0502,2026-03-29,Webinar,Q1 Outreach,Khanh Nguyen,Bright Studio 1002,Hospitality,Vietnam,Hanoi,5824.47,59,Negotiation,Binh Tran,,
LEAD-0503,2025-03-16,Paid Ads,Cold Outreach,Giang Pham,Core Media 1003,SaaS,Vietnam,Hanoi,6660.12,53,Won,Chi Le,CUST-0222,2025-06-01
LEAD-0504,2024-03-23,Webinar,Industry Webinar,Duc Hoang,Quantum Group 1004,SaaS,Thailand,Bangkok,23356.9,73,Contacted,Khanh Do,,
LEAD-0505,2024-11-05,Webinar,Industry Webinar,Minh Vo,Insight Retail 1005,E-commerce,Thailand,Bangkok,17133.62,51,Proposal,Dung Pham,,
LEAD-0506,2024-07-23,Webinar,Spring Promo,Duc Le,Prime Cloud 1006,Retail,Singapore,Singapore,14383.29,83,Proposal,Chi Le,,
LEAD-0507,2025-06-23,Event,Cold Outreach,Anh Vo,Quantum Commerce 1007,Finance,Malaysia,Kuala Lumpur,23404.56,57,Qualified,Khanh Do,,
LEAD-0508,2024-01-28,Partner,Q1 Outreach,Trang Hoang,Eco Holdings 1008,Manufacturing,Malaysia,Kuala Lumpur,22717.8,42,Negotiation,Huy Vo,,
LEAD-0509,2024-02-24,Partner,Industry Webinar,Hung Tran,Core Solutions 1009,Logistics,Indonesia,Jakarta,645.84,74,Qualified,An Nguyen,,
LEAD-0510,2024-12-07,Referral,Partner Co-Marketing,Bao Pham,Delta Partners 1010,Healthcare,Malaysia,Kuala Lumpur,12295.96,27,Contacted,An Nguyen,,
LEAD-0511,2025-06-12,LinkedIn,ABM Campaign,Vy Pham,Alpha Studio 1011,Hospitality,Vietnam,Ho Chi Minh City,5976.82,46,Contacted,Giang Ho,,
LEAD-0512,2024-04-27,Referral,Q1 Outreach,Ngoc Nguyen,Global Logistics 1012,Manufacturing,Malaysia,Kuala Lumpur,22057.53,30,Qualified,Dung Pham,,
LEAD-0513,2025-06-01,Event,Referral Drive,Vy Tran,Zen Commerce 1013,SaaS,Vietnam,Hanoi,7848.13,50,Contacted,Giang Ho,,
LEAD-0514,2025-03-18,LinkedIn,Cold Outreach,Quang Pham,Future Partners 1014,SaaS,Vietnam,Ho Chi Minh City,3971.31,63,Negotiation,Dung Pham,,
LEAD-0515,2025-05-02,Event,Spring Promo,Minh Do,Delta Commerce 1015,Healthcare,Indonesia,Jakarta,2950.48,47,Contacted,Khanh Do,,
LEAD-0516,2024-05-31,Website,Spring Promo,Bao Vu,Bright Commerce 1016,Hospitality,Vietnam,Hanoi,14323.12,52,New,Giang Ho,,
LEAD-0517,2024-05-22,Event,Cold Outreach,Linh Vo,Nova Partners 1017,Hospitality,Singapore,Singapore,723.44,73,Won,Dung Pham,CUST-0033,2024-06-16
LEAD-0518,2025-11-02,LinkedIn,Spring Promo,Linh Tran,Insight Works 1018,E-commerce,Singapore,Singapore,11757.3,79,Won,Chi Le,CUST-0248,2025-12-23
LEAD-0519,2025-04-28,LinkedIn,ABM Campaign,Chau Nguyen,Viet Group 1019,Real Estate,Philippines,Manila,16643.17,60,Proposal,Huy Vo,,
LEAD-0520,2024-01-31,LinkedIn,Industry Webinar,Hoa Tran,Lotus Capital 1020,Retail,Indonesia,Jakarta,3102.4,89,Won,Linh Vu,CUST-0090,2024-03-23
LEAD-0521,2026-02-12,Partner,Q1 Outreach,Ha Vu,Zen Tech 1021,SaaS,Malaysia,Kuala Lumpur,6636.85,91,Qualified,Huy Vo,,
LEAD-0522,2024-04-20,Event,Referral Drive,Khanh Pham,Smart Commerce 1022,Manufacturing,Indonesia,Jakarta,14557.6,68,Contacted,Giang Ho,,
LEAD-0523,2024-07-25,LinkedIn,Referral Drive,Giang Nguyen,Global Solutions 1023,Real Estate,Philippines,Manila,19855.1,65,Lost,Binh Tran,,
LEAD-0524,2025-01-03,Partner,ABM Campaign,Trang Bui,Global Health 1024,Real Estate,Philippines,Manila,2263.15,64,Contacted,Linh Vu,,
LEAD-0525,2025-05-27,Paid Ads,Spring Promo,Giang Vo,Viet Foods 1025,E-commerce,Malaysia,Kuala Lumpur,21408.83,68,Proposal,Binh Tran,,
LEAD-0526,2024-11-01,Referral,Q1 Outreach,Hung Do,Hyper Works 1026,Hospitality,Vietnam,Ho Chi Minh City,1761.24,43,Qualified,An Nguyen,,
LEAD-0527,2025-12-21,Paid Ads,Q1 Outreach,Quang Tran,Prime Solutions 1027,Manufacturing,Singapore,Singapore,2332.04,30,Won,Giang Ho,CUST-0299,2026-02-22
LEAD-0528,2024-09-26,Website,Q1 Outreach,Quang Vu,Eco Health 1028,Finance,Thailand,Bangkok,6891.59,45,Contacted,An Nguyen,,
LEAD-0529,2026-02-14,Website,Industry Webinar,Minh Dang,Nova Foods 1029,Hospitality,Vietnam,Hanoi,20238.72,39,Negotiation,An Nguyen,,
LEAD-0530,2026-01-27,Referral,ABM Campaign,Hoa Vu,Smart Partners 1030,Hospitality,Vietnam,Ho Chi Minh City,7127.46,52,New,An Nguyen,,
LEAD-0531,2025-03-17,Event,Spring Promo,Ngoc Nguyen,Alpha Holdings 1031,Education,Vietnam,Hanoi,23315.54,92,Contacted,Khanh Do,,
LEAD-0532,2025-01-31,Partner,Cold Outreach,Vy Vu,Rapid Logistics 1032,Manufacturing,Thailand,Bangkok,17682.78,67,Qualified,Binh Tran,,
LEAD-0533,2024-12-26,Email,Spring Promo,Bao Tran,Alpha Capital 1033,Logistics,Vietnam,Hanoi,6335.17,64,Qualified,An Nguyen,,
LEAD-0534,2024-02-28,LinkedIn,Referral Drive,Vy Do,Jade Retail 1034,Manufacturing,Singapore,Singapore,1571.13,63,Contacted,Dung Pham,,
LEAD-0535,2025-05-05,Referral,Cold Outreach,Khanh Vu,Hyper Commerce 1035,Retail,Vietnam,Hanoi,6629.87,41,Negotiation,Huy Vo,,
LEAD-0536,2026-03-09,Webinar,Partner Co-Marketing,Minh Dang,Bright Systems 1036,Education,Malaysia,Kuala Lumpur,22377.97,56,Contacted,Binh Tran,,
LEAD-0537,2025-05-12,Webinar,Q1 Outreach,Bao Pham,Nova Retail 1037,Education,Vietnam,Ho Chi Minh City,21114.92,46,Qualified,Binh Tran,,
LEAD-0538,2025-12-16,Event,Cold Outreach,Khanh Tran,Insight Group 1038,Hospitality,Vietnam,Hanoi,1021.6,59,Negotiation,Giang Ho,,
LEAD-0539,2024-03-02,Webinar,Partner Co-Marketing,Minh Vo,Prime Education 1039,E-commerce,Thailand,Bangkok,12636.26,73,New,Dung Pham,,
LEAD-0540,2024-02-23,Webinar,Q1 Outreach,Anh Vu,Insight Health 1040,Real Estate,Philippines,Manila,9021.21,48,New,Huy Vo,,
LEAD-0541,2026-01-13,Partner,Partner Co-Marketing,Nam Do,Jade Holdings 1041,Logistics,Philippines,Manila,18366.04,61,New,Khanh Do,,
LEAD-0542,2025-08-09,Webinar,Industry Webinar,Hung Tran,Alpha Media 1042,Logistics,Thailand,Bangkok,18768.03,55,Won,Chi Le,CUST-0128,2025-10-20
LEAD-0543,2024-10-29,Paid Ads,ABM Campaign,Trang Vu,Delta Works 1043,Logistics,Vietnam,Hanoi,15580.91,44,Negotiation,An Nguyen,,
LEAD-0544,2024-09-27,LinkedIn,Referral Drive,Hanh Do,Smart Holdings 1044,Hospitality,Vietnam,Hanoi,11277.78,82,Qualified,Huy Vo,,
LEAD-0545,2024-02-29,Referral,Spring Promo,Giang Pham,Insight Studio 1045,E-commerce,Malaysia,Kuala Lumpur,8193.65,72,Negotiation,Giang Ho,,
LEAD-0546,2025-10-07,LinkedIn,Industry Webinar,Nam Dang,Future Partners 1046,E-commerce,Indonesia,Jakarta,1714.7,66,New,An Nguyen,,
LEAD-0547,2024-11-20,Website,ABM Campaign,Vy Pham,Urban Solutions 1047,Education,Vietnam,Hanoi,23816.74,98,New,Huy Vo,,
LEAD-0548,2024-12-24,Referral,Q1 Outreach,Minh Tran,Lotus Systems 1048,Real Estate,Thailand,Bangkok,3272.97,59,New,Dung Pham,,
LEAD-0549,2025-10-19,Partner,Spring Promo,Vy Nguyen,Smart Works 1049,Manufacturing,Vietnam,Hanoi,8500.24,65,Qualified,Huy Vo,,
LEAD-0550,2024-06-13,Paid Ads,Q1 Outreach,Phuc Dang,Lotus Partners 1050,Healthcare,Vietnam,Ho Chi Minh City,22840.88,46,New,Dung Pham,,
LEAD-0551,2025-12-30,Paid Ads,Industry Webinar,Trang Vo,Core Capital 1051,Logistics,Philippines,Manila,14775.81,56,Negotiation,Binh Tran,,
LEAD-0552,2025-08-11,Partner,ABM Campaign,Nam Vu,Titan Partners 1052,Retail,Philippines,Manila,22022.75,53,Negotiation,Linh Vu,,
LEAD-0553,2024-10-02,Email,Partner Co-Marketing,Duc Pham,Rapid Labs 1053,E-commerce,Singapore,Singapore,22821.2,46,Lost,Dung Pham,,
LEAD-0554,2025-03-31,Partner,Spring Promo,Nam Do,Smart Capital 1054,Retail,Singapore,Singapore,14231.2,90,New,Huy Vo,,
LEAD-0555,2024-08-23,LinkedIn,ABM Campaign,Duc Tran,Lotus Labs 1055,Education,Philippines,Manila,22777.01,49,Proposal,Giang Ho,,
LEAD-0556,2025-02-22,Partner,ABM Campaign,Anh Le,Future Commerce 1056,Manufacturing,Malaysia,Kuala Lumpur,12607.91,38,Won,Dung Pham,CUST-0062,2025-04-19
LEAD-0557,2024-09-26,Event,Cold Outreach,Phuc Do,Eco Partners 1057,Retail,Vietnam,Ho Chi Minh City,21801.74,63,New,Binh Tran,,
LEAD-0558,2025-03-08,Paid Ads,Industry Webinar,Trang Dang,Lotus Labs 1058,Logistics,Indonesia,Jakarta,14145.05,58,Proposal,Binh Tran,,
LEAD-0559,2025-09-23,Referral,Cold Outreach,Ngoc Le,Quantum Works 1059,SaaS,Vietnam,Hanoi,18599.34,49,Qualified,Linh Vu,,
LEAD-0560,2026-01-21,LinkedIn,Cold Outreach,Nam Do,Viet Systems 1060,E-commerce,Philippines,Manila,23447.23,77,New,An Nguyen,,
LEAD-0561,2024-11-24,Event,Industry Webinar,Phuc Dang,Bright Partners 1061,Real Estate,Indonesia,Jakarta,14907.98,69,Contacted,Huy Vo,,
LEAD-0562,2025-06-04,Partner,Spring Promo,Minh Vo,Bright Health 1062,Finance,Thailand,Bangkok,8305.17,59,New,Chi Le,,
LEAD-0563,2024-10-11,Paid Ads,Q1 Outreach,Vy Tran,Jade Media 1063,Finance,Singapore,Singapore,4557.02,57,Contacted,Chi Le,,
LEAD-0564,2024-08-25,Webinar,Industry Webinar,Quang Vo,Alpha Solutions 1064,Retail,Vietnam,Ho Chi Minh City,14028.0,82,Qualified,Chi Le,,
LEAD-0565,2026-03-29,Email,Q1 Outreach,Giang Bui,Rapid Partners 1065,Hospitality,Philippines,Manila,20648.76,52,Lost,Khanh Do,,
LEAD-0566,2024-10-29,Referral,Cold Outreach,Duc Vu,Eco Media 1066,Retail,Thailand,Bangkok,22277.55,72,Qualified,Binh Tran,,
LEAD-0567,2026-04-02,Referral,Cold Outreach,Minh Tran,Lotus Solutions 1067,Education,Indonesia,Jakarta,2321.58,70,Qualified,Binh Tran,,
LEAD-0568,2025-12-23,Paid Ads,Industry Webinar,Trang Do,Hyper Retail 1068,Real Estate,Indonesia,Jakarta,21022.06,75,Proposal,An Nguyen,,
LEAD-0569,2024-08-13,Email,Spring Promo,Anh Do,Titan Health 1069,Hospitality,Vietnam,Ho Chi Minh City,12370.43,70,New,Binh Tran,,
LEAD-0570,2024-03-09,Event,ABM Campaign,Trang Pham,Zen Group 1070,E-commerce,Vietnam,Ho Chi Minh City,17894.77,81,New,Giang Ho,,
LEAD-0571,2025-10-15,Paid Ads,Referral Drive,Vy Vu,Smart Group 1071,Real Estate,Indonesia,Jakarta,23881.21,86,Won,Linh Vu,CUST-0279,2025-12-18
LEAD-0572,2024-10-29,Referral,Industry Webinar,Minh Tran,Lotus Capital 1072,Retail,Philippines,Manila,19216.45,38,Qualified,Linh Vu,,
LEAD-0573,2024-06-29,Event,Spring Promo,Hoa Nguyen,Zen Cloud 1073,Retail,Singapore,Singapore,17575.73,53,Qualified,Linh Vu,,
LEAD-0574,2024-10-24,Webinar,ABM Campaign,Minh Do,Insight Labs 1074,Education,Philippines,Manila,19679.28,32,New,Huy Vo,,
LEAD-0575,2026-04-08,Event,Referral Drive,Minh Pham,Jade Commerce 1075,Logistics,Singapore,Singapore,22853.03,58,Contacted,An Nguyen,,
LEAD-0576,2025-08-09,LinkedIn,ABM Campaign,Anh Nguyen,Eco Holdings 1076,Education,Philippines,Manila,15819.52,90,Lost,Huy Vo,,
LEAD-0577,2026-04-01,Partner,Q1 Outreach,Ha Vo,Urban Health 1077,Finance,Singapore,Singapore,19287.63,37,Qualified,Huy Vo,,
LEAD-0578,2025-02-09,Email,Spring Promo,Anh Vo,Alpha Solutions 1078,Manufacturing,Singapore,Singapore,8621.8,53,Contacted,Dung Pham,,
LEAD-0579,2024-04-14,Partner,Partner Co-Marketing,Duc Do,Bright Media 1079,Hospitality,Vietnam,Hanoi,4345.16,57,Negotiation,Dung Pham,,
LEAD-0580,2025-11-02,Partner,Industry Webinar,Quang Dang,Alpha Tech 1080,Healthcare,Philippines,Manila,2580.46,74,New,Khanh Do,,
LEAD-0581,2024-06-04,Referral,Cold Outreach,Khanh Hoang,Titan Tech 1081,E-commerce,Philippines,Manila,10082.54,79,Negotiation,Khanh Do,,
LEAD-0582,2025-04-14,Email,Q1 Outreach,Minh Vo,Core Capital 1082,Healthcare,Indonesia,Jakarta,14616.93,30,Qualified,Khanh Do,,
LEAD-0583,2024-10-12,Event,Spring Promo,Nam Pham,Urban Logistics 1083,Real Estate,Malaysia,Kuala Lumpur,6493.04,82,Qualified,Huy Vo,,
LEAD-0584,2025-08-14,Website,Referral Drive,Chau Tran,Lotus Retail 1084,Education,Thailand,Bangkok,9560.63,64,Proposal,Giang Ho,,
LEAD-0585,2025-07-28,LinkedIn,Industry Webinar,Hung Do,Bright Studio 1085,Hospitality,Malaysia,Kuala Lumpur,6624.24,77,Qualified,Dung Pham,,
LEAD-0586,2024-11-14,Paid Ads,Partner Co-Marketing,Hanh Vo,Alpha Media 1086,Manufacturing,Vietnam,Hanoi,8375.35,81,Proposal,Khanh Do,,
LEAD-0587,2026-03-24,Event,ABM Campaign,Chau Do,Delta Cloud 1087,Hospitality,Singapore,Singapore,24007.14,63,Qualified,Binh Tran,,
LEAD-0588,2024-05-10,Website,Industry Webinar,Ngoc Le,Bright Cloud 1088,Real Estate,Indonesia,Jakarta,3476.2,81,Contacted,Binh Tran,,
LEAD-0589,2025-10-03,Event,Industry Webinar,Vy Vu,Titan Labs 1089,Real Estate,Thailand,Bangkok,10285.44,56,Contacted,Giang Ho,,
LEAD-0590,2025-07-31,LinkedIn,Industry Webinar,Ngoc Bui,Titan Media 1090,Healthcare,Malaysia,Kuala Lumpur,17283.08,80,Negotiation,Huy Vo,,
LEAD-0591,2024-08-03,Paid Ads,Cold Outreach,Anh Hoang,Smart Foods 1091,Manufacturing,Vietnam,Ho Chi Minh City,13347.27,63,Qualified,Chi Le,,
LEAD-0592,2025-12-19,Email,Industry Webinar,Chau Vu,Zen Education 1092,Retail,Malaysia,Kuala Lumpur,11735.54,59,New,Linh Vu,,
LEAD-0593,2025-10-13,Email,Spring Promo,Hung Vo,Nova Group 1093,SaaS,Vietnam,Ho Chi Minh City,7227.23,77,Proposal,Giang Ho,,
LEAD-0594,2025-07-08,Email,Q1 Outreach,Giang Vo,Insight Logistics 1094,E-commerce,Vietnam,Ho Chi Minh City,3022.92,29,Contacted,Chi Le,,
LEAD-0595,2025-08-24,Partner,Spring Promo,Anh Pham,Global Education 1095,E-commerce,Philippines,Manila,21408.31,24,Negotiation,Linh Vu,,
LEAD-0596,2024-08-09,Referral,Partner Co-Marketing,Bao Le,Lotus Foods 1096,E-commerce,Vietnam,Ho Chi Minh City,4011.67,33,Qualified,An Nguyen,,
LEAD-0597,2025-06-07,Event,Referral Drive,Khanh Vo,Smart Systems 1097,Hospitality,Singapore,Singapore,7912.68,62,Qualified,Khanh Do,,
LEAD-0598,2024-11-20,Referral,ABM Campaign,Nam Bui,Quantum Holdings 1098,Education,Vietnam,Ho Chi Minh City,23664.5,48,Negotiation,Chi Le,,
LEAD-0599,2025-12-12,Webinar,Cold Outreach,Hanh Dang,Nova Cloud 1099,Retail,Malaysia,Kuala Lumpur,22544.17,55,Won,Linh Vu,CUST-0287,2026-01-08
LEAD-0600,2025-01-26,Paid Ads,Industry Webinar,Lam Tran,Viet Works 1100,SaaS,Vietnam,Ho Chi Minh City,11330.97,52,Qualified,An Nguyen,,
LEAD-0601,2025-01-12,Webinar,ABM Campaign,Trang Nguyen,Insight Solutions 1101,SaaS,Malaysia,Kuala Lumpur,7189.18,46,Qualified,Giang Ho,,
LEAD-0602,2026-01-05,Event,ABM Campaign,Anh Dang,Bright Systems 1102,Hospitality,Thailand,Bangkok,4757.39,41,Negotiation,Binh Tran,,
LEAD-0603,2025-12-31,LinkedIn,Cold Outreach,Duc Vo,Bright Labs 1103,Manufacturing,Philippines,Manila,21348.11,91,New,Linh Vu,,
LEAD-0604,2024-10-11,Email,Cold Outreach,Phuc Nguyen,Future Systems 1104,E-commerce,Indonesia,Jakarta,908.52,78,Negotiation,Huy Vo,,
LEAD-0605,2025-11-11,Partner,Referral Drive,Hung Dang,Rapid Solutions 1105,SaaS,Vietnam,Hanoi,5227.03,62,Contacted,Chi Le,,
LEAD-0606,2024-07-22,Partner,Industry Webinar,Trang Bui,Rapid Foods 1106,SaaS,Singapore,Singapore,7207.2,51,Contacted,Huy Vo,,
LEAD-0607,2024-03-31,Referral,Q1 Outreach,Lan Bui,Alpha Health 1107,Manufacturing,Indonesia,Jakarta,2617.23,51,New,Chi Le,,
LEAD-0608,2024-03-24,Email,Spring Promo,Ha Hoang,Prime Works 1108,Education,Indonesia,Jakarta,19017.9,85,New,An Nguyen,,
LEAD-0609,2024-05-23,Paid Ads,Referral Drive,Ngoc Vu,Insight Foods 1109,Education,Philippines,Manila,5112.01,70,Contacted,Linh Vu,,
LEAD-0610,2025-08-15,Paid Ads,Spring Promo,Giang Vo,Bright Group 1110,Real Estate,Thailand,Bangkok,20822.75,54,Proposal,Chi Le,,
LEAD-0611,2025-08-05,Email,Cold Outreach,Hanh Hoang,Core Partners 1111,Logistics,Singapore,Singapore,16327.2,55,Contacted,Giang Ho,,
LEAD-0612,2024-08-11,Event,Spring Promo,Trang Vu,Eco Commerce 1112,SaaS,Vietnam,Hanoi,13167.23,48,Proposal,Linh Vu,,
LEAD-0613,2025-01-16,Partner,Cold Outreach,Lam Vu,Quantum Studio 1113,E-commerce,Vietnam,Hanoi,8398.12,75,Won,Chi Le,CUST-0052,2025-02-11
LEAD-0614,2025-01-01,Webinar,Industry Webinar,Linh Bui,Viet Cloud 1114,Hospitality,Malaysia,Kuala Lumpur,5060.94,72,New,Linh Vu,,
LEAD-0615,2024-09-06,Webinar,Cold Outreach,Minh Do,Titan Logistics 1115,Finance,Malaysia,Kuala Lumpur,8778.02,55,Lost,Dung Pham,,
LEAD-0616,2026-03-03,Webinar,ABM Campaign,Hanh Dang,Zen Partners 1116,Logistics,Malaysia,Kuala Lumpur,1199.6,48,Qualified,Giang Ho,,
LEAD-0617,2026-02-08,LinkedIn,Industry Webinar,Ha Bui,Rapid Group 1117,Finance,Philippines,Manila,24017.88,77,Negotiation,Huy Vo,,
LEAD-0618,2024-01-01,LinkedIn,Industry Webinar,Hoa Le,Quantum Foods 1118,Manufacturing,Singapore,Singapore,8034.41,59,Contacted,Dung Pham,,
LEAD-0619,2025-12-02,Paid Ads,Q1 Outreach,Hoa Tran,Prime Commerce 1119,Hospitality,Vietnam,Ho Chi Minh City,8945.44,35,Proposal,Linh Vu,,
LEAD-0620,2025-01-31,LinkedIn,Spring Promo,Quang Tran,Zen Group 1120,Manufacturing,Thailand,Bangkok,19444.88,67,Won,Khanh Do,CUST-0178,2025-04-06
LEAD-0621,2025-11-16,Website,Industry Webinar,Giang Bui,Core Capital 1121,E-commerce,Vietnam,Ho Chi Minh City,19312.18,50,Negotiation,Khanh Do,,
LEAD-0622,2024-07-11,Website,Industry Webinar,Khanh Hoang,Quantum Retail 1122,Healthcare,Thailand,Bangkok,2774.83,74,Qualified,Chi Le,,
LEAD-0623,2025-01-31,Event,Q1 Outreach,Linh Nguyen,Nova Logistics 1123,Healthcare,Thailand,Bangkok,4898.19,44,New,Binh Tran,,
LEAD-0624,2024-06-13,Paid Ads,Industry Webinar,Bao Hoang,Prime Cloud 1124,E-commerce,Malaysia,Kuala Lumpur,9907.76,74,Qualified,Linh Vu,,
LEAD-0625,2025-03-11,Webinar,Cold Outreach,Duc Le,Urban Systems 1125,Retail,Malaysia,Kuala Lumpur,20274.56,79,Negotiation,Huy Vo,,
LEAD-0626,2025-03-10,Partner,Partner Co-Marketing,Vy Bui,Global Partners 1126,Retail,Vietnam,Ho Chi Minh City,670.44,50,Lost,Giang Ho,,
LEAD-0627,2025-03-21,Website,Referral Drive,Lam Hoang,Insight Cloud 1127,Healthcare,Vietnam,Hanoi,3478.01,44,Won,Huy Vo,CUST-0013,2025-06-01
LEAD-0628,2024-09-30,LinkedIn,Spring Promo,Lan Nguyen,Zen Logistics 1128,Finance,Thailand,Bangkok,929.22,63,Contacted,An Nguyen,,
LEAD-0629,2025-06-28,Partner,Industry Webinar,Vy Pham,Nova Commerce 1129,Manufacturing,Vietnam,Hanoi,13607.14,69,Qualified,Giang Ho,,
LEAD-0630,2026-01-20,Event,Q1 Outreach,Chau Vu,Prime Partners 1130,Retail,Singapore,Singapore,9633.49,69,New,Binh Tran,,
LEAD-0631,2025-10-14,Webinar,Referral Drive,Hanh Dang,Quantum Logistics 1131,Logistics,Vietnam,Hanoi,5006.29,61,Negotiation,Binh Tran,,
LEAD-0632,2024-09-24,Webinar,ABM Campaign,Hanh Do,Nova Studio 1132,Real Estate,Malaysia,Kuala Lumpur,21428.97,33,Contacted,An Nguyen,,
LEAD-0633,2024-10-08,LinkedIn,Spring Promo,Anh Do,Quantum Health 1133,Real Estate,Indonesia,Jakarta,1620.68,52,Contacted,An Nguyen,,
LEAD-0634,2025-11-03,LinkedIn,Spring Promo,Hoa Nguyen,Delta Capital 1134,Healthcare,Thailand,Bangkok,15177.45,68,Lost,Huy Vo,,
LEAD-0635,2025-12-27,Paid Ads,Industry Webinar,Ngoc Vo,Urban Group 1135,Retail,Malaysia,Kuala Lumpur,7551.87,54,Proposal,Huy Vo,,
LEAD-0636,2024-01-13,Paid Ads,Spring Promo,Ha Do,Global Holdings 1136,Finance,Singapore,Singapore,20654.4,29,New,Linh Vu,,
LEAD-0637,2024-09-18,Partner,Q1 Outreach,Lam Bui,Jade Works 1137,E-commerce,Vietnam,Hanoi,15968.91,46,Contacted,Huy Vo,,
LEAD-0638,2025-11-21,Event,Q1 Outreach,Khanh Vo,Quantum Tech 1138,Manufacturing,Malaysia,Kuala Lumpur,14830.95,55,Proposal,Khanh Do,,
LEAD-0639,2026-01-31,Event,Industry Webinar,Trang Hoang,Global Logistics 1139,Logistics,Malaysia,Kuala Lumpur,3726.59,34,New,Dung Pham,,
LEAD-0640,2024-07-01,LinkedIn,Partner Co-Marketing,Lam Vu,Zen Media 1140,Logistics,Malaysia,Kuala Lumpur,10508.65,40,Negotiation,Khanh Do,,
LEAD-0641,2025-10-07,Referral,Cold Outreach,Ha Le,Jade Commerce 1141,Finance,Malaysia,Kuala Lumpur,13622.86,34,Qualified,Linh Vu,,
LEAD-0642,2025-02-13,Webinar,Q1 Outreach,Trang Do,Delta Group 1142,Real Estate,Philippines,Manila,8684.34,84,Qualified,Chi Le,,
LEAD-0643,2025-03-04,Partner,Industry Webinar,Vy Pham,Alpha Labs 1143,SaaS,Malaysia,Kuala Lumpur,5992.72,45,New,Khanh Do,,
LEAD-0644,2024-06-19,Event,Cold Outreach,Hanh Le,Urban Partners 1144,Retail,Singapore,Singapore,1056.63,48,Proposal,Khanh Do,,
LEAD-0645,2025-04-13,Paid Ads,Cold Outreach,Trang Bui,Alpha Health 1145,Education,Vietnam,Ho Chi Minh City,12068.14,59,New,Binh Tran,,
LEAD-0646,2025-04-15,Email,Cold Outreach,Vy Vu,Titan Logistics 1146,E-commerce,Thailand,Bangkok,24747.98,50,Negotiation,Linh Vu,,
LEAD-0647,2024-06-12,Email,Referral Drive,Minh Hoang,Prime Foods 1147,Retail,Vietnam,Hanoi,18840.91,54,Qualified,Linh Vu,,
LEAD-0648,2026-01-03,Referral,Cold Outreach,Khanh Do,Smart Solutions 1148,E-commerce,Indonesia,Jakarta,24735.62,45,Proposal,Linh Vu,,
LEAD-0649,2026-01-12,Website,Spring Promo,Trang Tran,Eco Media 1149,Logistics,Indonesia,Jakarta,23221.05,48,Negotiation,Binh Tran,,
LEAD-0650,2026-01-09,LinkedIn,Spring Promo,Duc Vu,Global Media 1150,Logistics,Indonesia,Jakarta,8825.95,47,Won,Linh Vu,CUST-0038,2026-03-11
