ticket_id,customer_id,created_date,priority,issue_type,resolution_hours,csat_score,status,support_owner
TIC-0001,CUST-0230,2025-09-30,Medium,Integration,17.1,3,Pending,Support B
TIC-0002,CUST-0273,2024-04-30,High,Bug,4.4,4,Closed,Support B
TIC-0003,CUST-0089,2024-05-18,Medium,Account Access,9.5,4,Open,Support C
TIC-0004,CUST-0304,2025-11-17,High,Bug,0.5,5,Closed,Support C
TIC-0005,CUST-0251,2026-02-28,High,Feature Request,9.2,5,Closed,Support C
TIC-0006,CUST-0308,2024-10-01,Medium,Billing,15.7,3,Closed,Support B
TIC-0007,CUST-0139,2026-02-10,Medium,Onboarding,9.4,5,Resolved,Support C
TIC-0008,CUST-0185,2025-10-15,Medium,Account Access,16.9,3,Closed,Support C
TIC-0009,CUST-0279,2024-09-06,Medium,Feature Request,21.9,5,Resolved,Support A
TIC-0010,CUST-0316,2025-08-18,Low,Bug,22.0,3,Closed,Support A
TIC-0011,CUST-0040,2026-03-23,Low,Feature Request,26.3,3,Pending,Support B
TIC-0012,CUST-0057,2026-04-05,High,Account Access,8.7,5,Resolved,Support A
TIC-0013,CUST-0060,2024-02-19,Low,Onboarding,28.2,5,Closed,Support B
TIC-0014,CUST-0168,2024-07-09,Low,Onboarding,21.6,4,Pending,Support D
TIC-0015,CUST-0028,2025-12-04,Medium,Billing,20.6,4,Resolved,Support B
TIC-0016,CUST-0119,2024-04-29,Medium,Feature Request,13.6,3,Resolved,Support B
TIC-0017,CUST-0098,2024-04-17,Low,Onboarding,23.7,5,Closed,Support C
TIC-0018,CUST-0239,2026-01-26,Low,Feature Request,22.2,5,Closed,Support C
TIC-0019,CUST-0015,2025-07-21,Low,Account Access,27.7,5,Resolved,Support D
TIC-0020,CUST-0120,2025-10-14,Medium,Onboarding,14.6,5,Resolved,Support C
TIC-0021,CUST-0045,2025-04-28,High,Bug,7.0,4,Closed,Support B
TIC-0022,CUST-0096,2026-04-05,Urgent,Integration,7.4,5,Resolved,Support A
TIC-0023,CUST-0028,2025-02-10,Medium,Account Access,11.8,5,Closed,Support C
TIC-0024,CUST-0229,2025-03-26,Medium,Billing,15.1,5,Closed,Support C
TIC-0025,CUST-0242,2024-03-28,Medium,Bug,17.7,5,Closed,Support D
TIC-0026,CUST-0179,2024-06-16,Medium,Billing,19.1,4,Resolved,Support A
TIC-0027,CUST-0206,2026-04-15,High,Bug,17.7,4,Closed,Support A
TIC-0028,CUST-0035,2024-09-21,Low,Feature Request,26.2,3,Resolved,Support C
TIC-0029,CUST-0187,2024-11-08,Urgent,Onboarding,6.8,5,Resolved,Support D
TIC-0030,CUST-0136,2024-04-04,Medium,Billing,22.7,5,Resolved,Support C
TIC-0031,CUST-0159,2024-11-21,Medium,Integration,10.1,3,Resolved,Support A
TIC-0032,CUST-0047,2025-05-19,Medium,Billing,19.3,5,Resolved,Support B
TIC-0033,CUST-0019,2024-04-26,Low,Bug,15.3,5,Closed,Support A
TIC-0034,CUST-0233,2024-06-15,Low,Bug,21.5,5,Resolved,Support D
TIC-0035,CUST-0184,2025-03-08,Low,Billing,21.3,5,Closed,Support C
TIC-0036,CUST-0149,2024-05-12,High,Account Access,9.6,3,Closed,Support D
TIC-0037,CUST-0284,2024-06-01,High,Billing,14.8,4,Closed,Support B
TIC-0038,CUST-0156,2025-11-07,High,Billing,14.6,5,Resolved,Support D
TIC-0039,CUST-0163,2024-10-25,Medium,Onboarding,19.4,5,Pending,Support A
TIC-0040,CUST-0218,2024-10-27,Low,Billing,26.9,5,Resolved,Support C
TIC-0041,CUST-0205,2024-02-26,Low,Integration,20.7,5,Closed,Support B
TIC-0042,CUST-0143,2025-12-06,Medium,Feature Request,12.3,4,Closed,Support D
TIC-0043,CUST-0147,2025-03-10,Low,Bug,20.2,5,Closed,Support C
TIC-0044,CUST-0298,2026-03-22,Medium,Onboarding,11.1,3,Resolved,Support C
TIC-0045,CUST-0053,2024-04-08,Medium,Bug,0.5,5,Closed,Support C
TIC-0046,CUST-0218,2026-01-30,High,Bug,11.3,5,Closed,Support A
TIC-0047,CUST-0255,2025-07-10,Medium,Account Access,18.4,5,Closed,Support C
TIC-0048,CUST-0232,2026-02-04,Medium,Billing,15.3,5,Closed,Support B
TIC-0049,CUST-0008,2024-10-07,Low,Account Access,16.5,4,Resolved,Support C
TIC-0050,CUST-0256,2024-09-03,Low,Account Access,27.1,4,Closed,Support D
TIC-0051,CUST-0128,2025-03-18,High,Onboarding,14.8,5,Resolved,Support C
TIC-0052,CUST-0124,2024-03-19,Medium,Account Access,15.3,5,Closed,Support A
TIC-0053,CUST-0131,2024-01-05,High,Bug,7.4,5,Resolved,Support D
TIC-0054,CUST-0286,2025-08-09,Medium,Feature Request,14.3,5,Closed,Support C
TIC-0055,CUST-0087,2025-08-01,Low,Account Access,22.2,3,Resolved,Support B
TIC-0056,CUST-0258,2024-03-10,Medium,Onboarding,4.8,5,Resolved,Support A
TIC-0057,CUST-0204,2024-07-29,High,Integration,2.4,4,Resolved,Support A
TIC-0058,CUST-0047,2025-09-03,Medium,Feature Request,8.8,3,Closed,Support D
TIC-0059,CUST-0091,2026-01-27,Medium,Account Access,18.3,5,Resolved,Support A
TIC-0060,CUST-0202,2025-05-29,High,Billing,5.5,5,Pending,Support A
TIC-0061,CUST-0236,2025-08-19,Medium,Bug,15.6,5,Pending,Support B
TIC-0062,CUST-0042,2024-07-08,Medium,Onboarding,12.4,5,Resolved,Support B
TIC-0063,CUST-0266,2024-12-18,Urgent,Onboarding,6.8,5,Pending,Support C
TIC-0064,CUST-0048,2024-07-13,Low,Bug,21.7,5,Closed,Support B
TIC-0065,CUST-0074,2024-07-25,Medium,Onboarding,14.5,4,Closed,Support A
TIC-0066,CUST-0159,2026-01-09,Low,Integration,24.6,4,Open,Support B
TIC-0067,CUST-0247,2024-09-24,Low,Account Access,18.5,5,Resolved,Support C
TIC-0068,CUST-0026,2025-11-09,Medium,Integration,13.9,4,Closed,Support C
TIC-0069,CUST-0116,2025-10-18,High,Billing,12.4,4,Closed,Support D
TIC-0070,CUST-0254,2025-09-14,High,Account Access,5.0,5,Resolved,Support B
TIC-0071,CUST-0251,2024-08-03,Medium,Feature Request,11.3,5,Pending,Support A
TIC-0072,CUST-0066,2025-08-19,Low,Bug,20.8,4,Pending,Support A
TIC-0073,CUST-0123,2025-11-02,Low,Billing,23.5,4,Closed,Support A
TIC-0074,CUST-0092,2024-09-23,Medium,Integration,14.7,4,Resolved,Support C
TIC-0075,CUST-0054,2024-06-23,Low,Account Access,22.0,4,Open,Support D
TIC-0076,CUST-0128,2025-06-20,High,Account Access,11.0,5,Resolved,Support C
TIC-0077,CUST-0107,2025-08-21,High,Billing,9.0,5,Resolved,Support D
TIC-0078,CUST-0266,2024-07-29,Medium,Bug,14.6,4,Closed,Support A
TIC-0079,CUST-0218,2026-04-15,Urgent,Integration,6.5,3,Open,Support B
TIC-0080,CUST-0229,2024-03-10,Medium,Integration,17.6,4,Closed,Support C
TIC-0081,CUST-0139,2026-01-01,Medium,Integration,15.7,5,Pending,Support C
TIC-0082,CUST-0225,2026-01-28,High,Integration,2.0,4,Resolved,Support B
TIC-0083,CUST-0229,2024-03-03,Medium,Integration,13.7,5,Resolved,Support A
TIC-0084,CUST-0226,2025-05-14,High,Billing,11.4,3,Closed,Support C
TIC-0085,CUST-0165,2025-10-27,Urgent,Integration,6.8,4,Closed,Support A
TIC-0086,CUST-0262,2024-01-29,Medium,Bug,16.0,5,Closed,Support C
TIC-0087,CUST-0030,2026-04-05,Urgent,Account Access,7.7,5,Closed,Support B
TIC-0088,CUST-0175,2025-06-11,Medium,Feature Request,12.3,4,Open,Support C
TIC-0089,CUST-0219,2026-02-27,Medium,Feature Request,19.4,4,Closed,Support D
TIC-0090,CUST-0009,2025-01-25,Medium,Account Access,9.2,5,Open,Support D
TIC-0091,CUST-0110,2026-02-22,High,Billing,14.7,3,Resolved,Support A
TIC-0092,CUST-0054,2025-08-27,Medium,Account Access,18.1,4,Closed,Support D
TIC-0093,CUST-0106,2026-01-13,Low,Bug,20.0,5,Closed,Support D
TIC-0094,CUST-0005,2026-03-03,Urgent,Onboarding,6.4,5,Closed,Support A
TIC-0095,CUST-0213,2024-04-09,High,Integration,9.8,3,Closed,Support C
TIC-0096,CUST-0265,2024-05-12,Low,Bug,21.0,5,Resolved,Support C
TIC-0097,CUST-0230,2025-12-10,Medium,Feature Request,11.1,5,Pending,Support C
TIC-0098,CUST-0032,2026-02-25,Medium,Feature Request,15.3,5,Closed,Support A
TIC-0099,CUST-0172,2026-01-03,High,Onboarding,12.3,5,Pending,Support A
TIC-0100,CUST-0231,2024-06-11,High,Account Access,0.5,5,Closed,Support D
TIC-0101,CUST-0281,2026-04-12,Medium,Integration,16.9,5,Closed,Support A
TIC-0102,CUST-0276,2024-04-11,Medium,Onboarding,14.4,5,Closed,Support C
TIC-0103,CUST-0143,2024-11-25,Medium,Account Access,1.2,5,Resolved,Support A
TIC-0104,CUST-0229,2024-09-26,Medium,Bug,18.5,3,Resolved,Support A
TIC-0105,CUST-0186,2024-03-27,Urgent,Feature Request,10.2,5,Closed,Support C
TIC-0106,CUST-0005,2025-07-31,High,Billing,6.3,3,Resolved,Support D
TIC-0107,CUST-0162,2025-09-07,High,Account Access,9.4,3,Resolved,Support C
TIC-0108,CUST-0041,2024-11-06,High,Feature Request,18.1,5,Resolved,Support D
TIC-0109,CUST-0246,2024-01-20,Medium,Feature Request,14.7,5,Resolved,Support C
TIC-0110,CUST-0003,2024-02-20,Low,Feature Request,16.9,3,Resolved,Support D
TIC-0111,CUST-0131,2025-01-02,Low,Onboarding,14.7,4,Closed,Support D
TIC-0112,CUST-0180,2024-06-23,Medium,Billing,18.7,4,Closed,Support B
TIC-0113,CUST-0145,2025-02-09,Medium,Feature Request,12.7,5,Resolved,Support D
TIC-0114,CUST-0309,2024-12-05,High,Billing,9.5,5,Pending,Support A
TIC-0115,CUST-0197,2024-12-27,Low,Account Access,16.4,3,Closed,Support A
TIC-0116,CUST-0158,2024-09-03,Low,Billing,23.7,5,Closed,Support A
TIC-0117,CUST-0255,2024-09-19,Low,Onboarding,18.1,5,Closed,Support D
TIC-0118,CUST-0097,2026-02-27,High,Billing,4.8,5,Closed,Support B
TIC-0119,CUST-0081,2025-12-18,Low,Integration,15.6,4,Resolved,Support D
TIC-0120,CUST-0052,2025-02-27,Medium,Feature Request,15.2,4,Closed,Support C
TIC-0121,CUST-0188,2026-02-18,Urgent,Integration,0.5,4,Resolved,Support B
TIC-0122,CUST-0095,2025-06-04,High,Billing,4.8,5,Closed,Support B
TIC-0123,CUST-0228,2025-10-09,Low,Account Access,18.7,5,Closed,Support B
TIC-0124,CUST-0297,2025-04-13,High,Feature Request,6.0,5,Pending,Support C
TIC-0125,CUST-0154,2025-06-26,High,Integration,9.8,3,Closed,Support D
TIC-0126,CUST-0174,2026-02-17,High,Feature Request,9.0,5,Resolved,Support B
TIC-0127,CUST-0149,2025-07-27,High,Integration,8.2,5,Closed,Support D
TIC-0128,CUST-0204,2025-11-13,Medium,Onboarding,14.0,5,Resolved,Support D
TIC-0129,CUST-0106,2025-04-08,Medium,Feature Request,14.1,4,Closed,Support D
TIC-0130,CUST-0063,2025-03-09,Low,Integration,27.9,5,Resolved,Support D
TIC-0131,CUST-0235,2025-03-18,Medium,Onboarding,14.1,3,Pending,Support B
TIC-0132,CUST-0187,2024-06-16,Medium,Feature Request,7.9,4,Closed,Support B
TIC-0133,CUST-0058,2025-04-04,Medium,Integration,4.8,3,Closed,Support D
TIC-0134,CUST-0230,2024-11-22,Medium,Billing,14.2,5,Closed,Support D
TIC-0135,CUST-0109,2026-03-26,High,Integration,4.7,5,Open,Support C
TIC-0136,CUST-0143,2026-03-14,Medium,Onboarding,7.9,5,Closed,Support C
TIC-0137,CUST-0018,2024-12-29,High,Onboarding,10.3,5,Closed,Support A
TIC-0138,CUST-0044,2025-01-03,Medium,Feature Request,13.5,4,Resolved,Support C
TIC-0139,CUST-0235,2026-04-11,Medium,Feature Request,9.7,5,Closed,Support C
TIC-0140,CUST-0282,2024-10-02,Medium,Account Access,17.6,4,Closed,Support D
TIC-0141,CUST-0200,2026-02-09,Medium,Bug,14.2,4,Pending,Support C
TIC-0142,CUST-0014,2025-08-01,High,Bug,12.6,5,Closed,Support B
TIC-0143,CUST-0241,2026-01-21,Medium,Integration,9.6,4,Resolved,Support C
TIC-0144,CUST-0260,2025-07-23,Medium,Account Access,9.6,5,Closed,Support B
TIC-0145,CUST-0219,2025-02-16,Low,Onboarding,26.5,5,Closed,Support B
TIC-0146,CUST-0238,2025-03-21,Medium,Feature Request,10.7,4,Pending,Support C
TIC-0147,CUST-0101,2025-12-09,Medium,Billing,19.3,4,Pending,Support C
TIC-0148,CUST-0115,2025-05-04,Medium,Onboarding,12.7,5,Resolved,Support C
TIC-0149,CUST-0252,2024-04-18,Medium,Feature Request,12.7,3,Pending,Support D
TIC-0150,CUST-0298,2024-12-07,Low,Account Access,19.4,5,Pending,Support B
TIC-0151,CUST-0177,2024-02-06,Low,Integration,23.8,5,Open,Support B
TIC-0152,CUST-0107,2024-02-24,Medium,Billing,15.9,3,Open,Support B
TIC-0153,CUST-0158,2026-01-24,Medium,Bug,15.8,4,Pending,Support D
TIC-0154,CUST-0294,2026-01-03,Low,Feature Request,26.6,5,Pending,Support A
TIC-0155,CUST-0047,2025-12-14,Medium,Integration,8.4,5,Pending,Support B
TIC-0156,CUST-0294,2024-11-03,Medium,Feature Request,7.3,3,Open,Support A
TIC-0157,CUST-0278,2024-06-08,Medium,Integration,16.6,5,Closed,Support A
TIC-0158,CUST-0043,2025-10-31,Low,Bug,18.3,5,Closed,Support A
TIC-0159,CUST-0189,2025-09-09,Urgent,Onboarding,2.5,4,Resolved,Support C
TIC-0160,CUST-0097,2025-07-25,Medium,Account Access,8.8,5,Closed,Support C
TIC-0161,CUST-0082,2025-06-26,Medium,Onboarding,14.3,4,Closed,Support C
TIC-0162,CUST-0028,2026-01-22,Low,Account Access,26.4,4,Resolved,Support B
TIC-0163,CUST-0041,2025-04-09,Medium,Billing,10.9,5,Resolved,Support B
TIC-0164,CUST-0081,2025-03-10,Medium,Integration,16.2,4,Closed,Support C
TIC-0165,CUST-0262,2024-09-08,Medium,Bug,10.0,5,Closed,Support B
TIC-0166,CUST-0262,2025-11-12,Medium,Feature Request,17.1,5,Open,Support B
TIC-0167,CUST-0270,2025-03-22,Medium,Integration,10.9,5,Resolved,Support A
TIC-0168,CUST-0027,2024-10-28,Low,Onboarding,20.2,5,Closed,Support B
TIC-0169,CUST-0306,2025-01-21,High,Onboarding,6.1,4,Closed,Support D
TIC-0170,CUST-0113,2024-03-17,Medium,Billing,21.0,4,Resolved,Support C
TIC-0171,CUST-0040,2025-12-22,High,Onboarding,10.8,4,Closed,Support C
TIC-0172,CUST-0128,2026-03-16,Medium,Onboarding,9.1,3,Closed,Support D
TIC-0173,CUST-0187,2025-03-24,Medium,Billing,13.0,5,Resolved,Support A
TIC-0174,CUST-0299,2024-08-02,Medium,Billing,17.9,5,Open,Support A
TIC-0175,CUST-0166,2025-06-07,Medium,Onboarding,11.3,5,Closed,Support D
TIC-0176,CUST-0030,2025-12-12,Low,Account Access,21.0,5,Closed,Support D
TIC-0177,CUST-0141,2025-08-03,Low,Onboarding,13.8,5,Closed,Support A
TIC-0178,CUST-0095,2024-04-16,High,Account Access,16.6,5,Closed,Support D
TIC-0179,CUST-0110,2025-04-09,Low,Integration,14.4,3,Closed,Support A
TIC-0180,CUST-0051,2025-11-07,High,Feature Request,9.7,5,Resolved,Support A
TIC-0181,CUST-0283,2025-09-23,High,Bug,14.7,4,Closed,Support D
TIC-0182,CUST-0040,2024-08-01,Medium,Feature Request,12.1,4,Closed,Support D
TIC-0183,CUST-0207,2024-02-24,Low,Account Access,19.3,5,Resolved,Support A
TIC-0184,CUST-0142,2025-04-27,Low,Integration,21.6,5,Open,Support A
TIC-0185,CUST-0156,2024-12-13,Low,Feature Request,19.8,5,Closed,Support C
TIC-0186,CUST-0313,2026-04-12,Medium,Billing,5.0,5,Pending,Support D
TIC-0187,CUST-0308,2026-03-10,Low,Account Access,24.6,5,Resolved,Support D
TIC-0188,CUST-0311,2025-03-23,Medium,Feature Request,8.6,4,Resolved,Support C
TIC-0189,CUST-0193,2024-06-02,Medium,Feature Request,17.2,4,Resolved,Support C
TIC-0190,CUST-0030,2025-01-31,Medium,Feature Request,14.2,5,Closed,Support D
TIC-0191,CUST-0057,2026-03-10,High,Onboarding,7.4,3,Resolved,Support D
TIC-0192,CUST-0256,2024-04-21,High,Feature Request,11.6,5,Closed,Support A
TIC-0193,CUST-0196,2024-02-26,Medium,Integration,15.6,5,Closed,Support C
TIC-0194,CUST-0182,2025-05-16,Low,Bug,20.2,5,Closed,Support D
TIC-0195,CUST-0167,2024-02-17,Low,Account Access,17.9,5,Resolved,Support B
TIC-0196,CUST-0320,2024-09-23,High,Account Access,17.4,5,Closed,Support A
TIC-0197,CUST-0272,2025-07-05,Low,Feature Request,20.8,5,Resolved,Support D
TIC-0198,CUST-0091,2025-02-24,Medium,Integration,12.8,5,Resolved,Support C
TIC-0199,CUST-0074,2024-09-17,Low,Account Access,15.6,4,Closed,Support A
TIC-0200,CUST-0228,2025-01-26,Medium,Billing,12.2,5,Open,Support D
TIC-0201,CUST-0274,2024-03-20,High,Bug,4.3,4,Closed,Support D
TIC-0202,CUST-0201,2025-02-24,High,Account Access,11.4,3,Resolved,Support D
TIC-0203,CUST-0043,2024-11-26,Low,Onboarding,18.5,5,Resolved,Support A
TIC-0204,CUST-0275,2024-01-07,Low,Onboarding,20.7,5,Resolved,Support B
TIC-0205,CUST-0260,2024-10-17,Urgent,Feature Request,3.2,5,Closed,Support D
TIC-0206,CUST-0024,2025-03-19,Medium,Bug,14.5,5,Closed,Support B
TIC-0207,CUST-0091,2025-07-20,High,Feature Request,7.3,4,Closed,Support B
TIC-0208,CUST-0057,2025-01-06,Low,Bug,19.0,5,Closed,Support B
TIC-0209,CUST-0101,2025-03-08,Urgent,Onboarding,7.8,5,Closed,Support A
TIC-0210,CUST-0088,2025-12-04,High,Feature Request,7.3,5,Closed,Support C
TIC-0211,CUST-0239,2025-10-05,High,Onboarding,2.5,5,Resolved,Support A
TIC-0212,CUST-0091,2025-11-18,High,Feature Request,4.8,5,Closed,Support A
TIC-0213,CUST-0273,2024-08-09,Medium,Account Access,19.1,3,Resolved,Support A
TIC-0214,CUST-0036,2025-02-17,High,Bug,9.5,5,Closed,Support D
TIC-0215,CUST-0124,2025-04-13,Low,Feature Request,25.0,5,Closed,Support C
TIC-0216,CUST-0064,2025-02-04,Medium,Onboarding,11.5,5,Resolved,Support D
TIC-0217,CUST-0078,2025-08-09,Medium,Feature Request,10.1,5,Pending,Support A
TIC-0218,CUST-0068,2026-03-10,Medium,Onboarding,13.0,5,Pending,Support B
TIC-0219,CUST-0032,2025-09-25,Low,Feature Request,22.6,5,Closed,Support A
TIC-0220,CUST-0199,2025-09-21,Low,Integration,17.3,5,Closed,Support D
TIC-0221,CUST-0105,2025-10-27,High,Onboarding,15.3,5,Resolved,Support C
TIC-0222,CUST-0061,2026-02-11,Low,Billing,16.1,5,Resolved,Support C
TIC-0223,CUST-0277,2024-10-26,Medium,Bug,18.0,5,Resolved,Support A
TIC-0224,CUST-0003,2024-10-10,Medium,Bug,8.6,5,Resolved,Support D
TIC-0225,CUST-0001,2025-12-26,Medium,Account Access,17.4,5,Resolved,Support B
TIC-0226,CUST-0241,2025-01-16,Medium,Billing,9.5,4,Resolved,Support A
TIC-0227,CUST-0162,2026-02-04,Medium,Bug,18.2,4,Closed,Support A
TIC-0228,CUST-0082,2025-04-11,Medium,Feature Request,15.6,3,Pending,Support A
TIC-0229,CUST-0165,2025-10-07,High,Billing,13.0,5,Closed,Support C
TIC-0230,CUST-0153,2025-05-08,Low,Integration,16.9,5,Open,Support C
TIC-0231,CUST-0093,2025-05-11,Medium,Onboarding,15.3,4,Open,Support B
TIC-0232,CUST-0177,2024-11-18,Low,Billing,22.0,4,Pending,Support C
TIC-0233,CUST-0038,2024-11-23,High,Billing,11.7,4,Pending,Support D
TIC-0234,CUST-0284,2025-06-06,Medium,Feature Request,16.4,3,Resolved,Support B
TIC-0235,CUST-0319,2026-02-03,Medium,Integration,12.9,3,Closed,Support C
TIC-0236,CUST-0053,2024-05-10,Low,Account Access,18.7,5,Open,Support C
TIC-0237,CUST-0022,2024-10-08,High,Feature Request,12.8,5,Closed,Support B
TIC-0238,CUST-0079,2025-04-29,Medium,Integration,15.7,4,Closed,Support C
TIC-0239,CUST-0230,2024-08-19,Medium,Integration,15.5,4,Resolved,Support B
TIC-0240,CUST-0309,2024-02-19,Medium,Billing,19.0,4,Pending,Support A
TIC-0241,CUST-0225,2024-03-23,Low,Billing,20.8,5,Closed,Support B
TIC-0242,CUST-0161,2025-07-02,Urgent,Billing,7.6,5,Closed,Support D
TIC-0243,CUST-0297,2024-10-21,High,Onboarding,5.9,4,Closed,Support A
TIC-0244,CUST-0157,2026-01-26,Urgent,Account Access,15.0,5,Closed,Support C
TIC-0245,CUST-0191,2025-03-06,Medium,Billing,9.5,5,Closed,Support C
TIC-0246,CUST-0196,2025-12-19,Low,Account Access,24.9,5,Pending,Support D
TIC-0247,CUST-0317,2025-07-17,Medium,Onboarding,14.6,5,Open,Support B
TIC-0248,CUST-0005,2024-10-14,Low,Bug,17.1,4,Resolved,Support B
TIC-0249,CUST-0054,2025-11-08,Medium,Billing,14.4,5,Closed,Support B
TIC-0250,CUST-0254,2024-01-17,Low,Billing,16.5,5,Resolved,Support D
TIC-0251,CUST-0195,2025-03-15,Medium,Onboarding,18.6,4,Open,Support B
TIC-0252,CUST-0238,2024-11-18,Medium,Integration,15.2,5,Closed,Support B
TIC-0253,CUST-0212,2025-05-30,Low,Bug,24.5,5,Closed,Support B
TIC-0254,CUST-0104,2024-07-13,High,Billing,8.2,5,Open,Support B
TIC-0255,CUST-0151,2025-04-20,Medium,Account Access,12.5,5,Closed,Support B
TIC-0256,CUST-0054,2024-01-04,Medium,Account Access,10.5,5,Closed,Support D
TIC-0257,CUST-0097,2025-02-17,Medium,Account Access,16.7,3,Resolved,Support D
TIC-0258,CUST-0006,2024-01-15,Medium,Onboarding,19.1,5,Resolved,Support A
TIC-0259,CUST-0082,2025-05-13,Medium,Feature Request,13.7,4,Closed,Support D
TIC-0260,CUST-0166,2025-05-30,Urgent,Onboarding,2.6,5,Open,Support D
TIC-0261,CUST-0306,2024-05-17,Low,Feature Request,24.4,5,Closed,Support D
TIC-0262,CUST-0005,2024-08-10,Low,Integration,23.3,3,Resolved,Support A
TIC-0263,CUST-0317,2025-07-13,High,Feature Request,11.3,5,Closed,Support A
TIC-0264,CUST-0140,2025-06-30,Low,Feature Request,18.0,5,Closed,Support D
TIC-0265,CUST-0235,2026-01-23,Medium,Onboarding,15.7,3,Closed,Support A
TIC-0266,CUST-0217,2025-12-21,Medium,Account Access,14.7,5,Open,Support D
TIC-0267,CUST-0156,2024-08-15,Medium,Integration,8.9,5,Resolved,Support B
TIC-0268,CUST-0172,2025-12-23,Urgent,Bug,5.0,5,Pending,Support D
TIC-0269,CUST-0012,2024-10-21,Urgent,Billing,0.5,5,Closed,Support A
TIC-0270,CUST-0121,2025-10-08,High,Bug,17.6,5,Resolved,Support B
TIC-0271,CUST-0062,2025-05-04,Medium,Onboarding,17.2,5,Resolved,Support C
TIC-0272,CUST-0127,2024-07-20,High,Onboarding,8.6,5,Pending,Support B
TIC-0273,CUST-0020,2024-12-26,Medium,Integration,9.8,3,Resolved,Support A
TIC-0274,CUST-0226,2025-06-17,Low,Onboarding,20.6,4,Open,Support A
TIC-0275,CUST-0171,2025-03-28,Medium,Onboarding,16.2,5,Closed,Support C
TIC-0276,CUST-0219,2024-12-17,Medium,Feature Request,13.6,5,Closed,Support C
TIC-0277,CUST-0077,2024-09-26,Medium,Onboarding,12.0,4,Closed,Support D
TIC-0278,CUST-0083,2024-05-18,Urgent,Onboarding,6.4,5,Resolved,Support D
TIC-0279,CUST-0013,2024-04-11,Medium,Feature Request,17.8,5,Closed,Support B
TIC-0280,CUST-0286,2025-02-20,Medium,Integration,16.9,4,Resolved,Support B
TIC-0281,CUST-0104,2025-07-03,Medium,Integration,11.8,4,Closed,Support D
TIC-0282,CUST-0257,2026-01-27,Medium,Integration,13.7,5,Resolved,Support A
TIC-0283,CUST-0031,2024-08-20,Medium,Feature Request,8.3,3,Closed,Support B
TIC-0284,CUST-0252,2025-10-29,Urgent,Account Access,5.1,4,Closed,Support B
TIC-0285,CUST-0211,2024-05-29,Medium,Account Access,10.2,3,Closed,Support B
TIC-0286,CUST-0220,2025-02-26,High,Onboarding,13.3,5,Open,Support D
TIC-0287,CUST-0039,2024-10-18,Medium,Billing,6.8,3,Closed,Support D
TIC-0288,CUST-0201,2024-12-30,High,Integration,5.8,5,Resolved,Support C
TIC-0289,CUST-0128,2024-02-09,Low,Onboarding,26.1,5,Pending,Support D
TIC-0290,CUST-0153,2026-02-16,Medium,Bug,8.7,5,Open,Support C
TIC-0291,CUST-0093,2026-01-01,Low,Account Access,17.6,5,Resolved,Support B
TIC-0292,CUST-0029,2025-05-26,High,Bug,4.4,4,Resolved,Support D
TIC-0293,CUST-0192,2026-03-03,High,Integration,9.9,5,Closed,Support D
TIC-0294,CUST-0034,2024-04-30,High,Billing,8.2,4,Closed,Support A
TIC-0295,CUST-0076,2025-01-01,Low,Billing,17.9,5,Closed,Support C
TIC-0296,CUST-0126,2024-11-13,High,Account Access,10.4,4,Closed,Support C
TIC-0297,CUST-0072,2025-03-17,Medium,Feature Request,17.3,4,Resolved,Support D
TIC-0298,CUST-0135,2024-03-22,Low,Onboarding,21.3,3,Resolved,Support C
TIC-0299,CUST-0099,2026-01-04,High,Integration,4.4,4,Closed,Support D
TIC-0300,CUST-0163,2025-07-31,Urgent,Bug,3.9,3,Closed,Support C
TIC-0301,CUST-0166,2024-06-16,Urgent,Integration,4.4,4,Resolved,Support A
TIC-0302,CUST-0205,2024-10-07,High,Billing,1.4,5,Resolved,Support B
TIC-0303,CUST-0309,2025-05-21,Medium,Feature Request,12.1,4,Closed,Support B
TIC-0304,CUST-0304,2025-12-20,Medium,Account Access,20.6,5,Resolved,Support D
TIC-0305,CUST-0145,2025-12-25,Low,Onboarding,22.0,5,Closed,Support C
TIC-0306,CUST-0318,2025-05-07,Low,Account Access,19.3,5,Resolved,Support C
TIC-0307,CUST-0053,2025-07-30,High,Onboarding,0.9,5,Open,Support A
TIC-0308,CUST-0306,2025-08-09,Medium,Feature Request,16.6,4,Pending,Support B
TIC-0309,CUST-0297,2025-08-06,Low,Onboarding,18.6,4,Pending,Support C
TIC-0310,CUST-0260,2024-12-23,Urgent,Onboarding,3.4,5,Open,Support B
TIC-0311,CUST-0146,2025-06-12,Medium,Billing,11.9,5,Closed,Support C
TIC-0312,CUST-0271,2026-01-31,Low,Feature Request,23.2,5,Resolved,Support D
TIC-0313,CUST-0180,2024-04-29,Medium,Bug,11.9,4,Closed,Support D
TIC-0314,CUST-0014,2025-06-10,High,Onboarding,17.7,5,Resolved,Support B
TIC-0315,CUST-0303,2024-12-02,Medium,Feature Request,14.7,5,Closed,Support C
TIC-0316,CUST-0167,2025-09-26,Low,Onboarding,29.3,4,Closed,Support A
TIC-0317,CUST-0080,2025-06-19,Low,Account Access,21.2,4,Closed,Support A
TIC-0318,CUST-0262,2024-03-21,Medium,Feature Request,14.9,5,Closed,Support B
TIC-0319,CUST-0238,2025-10-12,Urgent,Billing,1.2,3,Open,Support C
TIC-0320,CUST-0011,2025-10-15,Medium,Bug,14.3,4,Resolved,Support D
TIC-0321,CUST-0208,2024-07-02,Urgent,Account Access,1.2,5,Pending,Support C
TIC-0322,CUST-0232,2024-06-05,Low,Onboarding,14.3,5,Open,Support D
TIC-0323,CUST-0021,2025-05-07,Medium,Account Access,15.7,5,Resolved,Support D
TIC-0324,CUST-0169,2024-06-15,High,Account Access,6.6,4,Closed,Support D
TIC-0325,CUST-0100,2025-02-02,Medium,Billing,15.3,4,Pending,Support B
TIC-0326,CUST-0260,2025-01-06,Medium,Account Access,10.9,5,Pending,Support B
TIC-0327,CUST-0205,2026-04-07,Low,Integration,24.1,5,Pending,Support C
TIC-0328,CUST-0085,2025-05-08,Urgent,Onboarding,5.5,5,Resolved,Support D
TIC-0329,CUST-0051,2025-01-04,Medium,Account Access,15.7,3,Closed,Support B
TIC-0330,CUST-0037,2026-03-23,Medium,Account Access,24.1,4,Resolved,Support D
TIC-0331,CUST-0033,2025-09-23,High,Account Access,12.7,4,Open,Support A
TIC-0332,CUST-0011,2026-04-01,Low,Billing,22.5,4,Resolved,Support C
TIC-0333,CUST-0313,2026-02-28,Medium,Integration,10.8,5,Open,Support A
TIC-0334,CUST-0180,2024-05-03,Medium,Feature Request,8.1,4,Closed,Support A
TIC-0335,CUST-0216,2024-07-16,Low,Account Access,28.6,5,Closed,Support D
TIC-0336,CUST-0307,2024-08-01,Low,Integration,20.2,5,Closed,Support B
TIC-0337,CUST-0255,2024-10-20,Medium,Onboarding,14.4,5,Closed,Support D
TIC-0338,CUST-0163,2024-07-18,Low,Account Access,17.5,5,Pending,Support C
TIC-0339,CUST-0106,2025-07-05,Medium,Account Access,17.5,5,Closed,Support C
TIC-0340,CUST-0154,2024-09-14,Medium,Feature Request,14.6,5,Closed,Support D
TIC-0341,CUST-0139,2024-11-19,Urgent,Integration,11.6,5,Pending,Support C
TIC-0342,CUST-0104,2025-07-20,Low,Integration,18.8,5,Closed,Support B
TIC-0343,CUST-0253,2025-04-02,Urgent,Billing,7.4,5,Closed,Support D
TIC-0344,CUST-0271,2024-12-05,Low,Onboarding,16.4,3,Closed,Support B
TIC-0345,CUST-0179,2024-03-31,Medium,Billing,16.4,3,Resolved,Support D
TIC-0346,CUST-0067,2024-01-20,Medium,Integration,4.9,3,Resolved,Support C
TIC-0347,CUST-0213,2025-03-15,Urgent,Billing,0.5,5,Closed,Support A
TIC-0348,CUST-0048,2026-01-07,Medium,Account Access,9.1,4,Resolved,Support A
TIC-0349,CUST-0042,2024-01-02,Urgent,Onboarding,2.9,4,Resolved,Support C
TIC-0350,CUST-0215,2025-10-19,High,Onboarding,6.0,4,Resolved,Support B
TIC-0351,CUST-0072,2025-08-25,Medium,Onboarding,15.6,3,Open,Support C
TIC-0352,CUST-0315,2024-01-22,High,Account Access,8.7,4,Resolved,Support C
TIC-0353,CUST-0219,2026-02-18,High,Billing,7.3,3,Resolved,Support A
TIC-0354,CUST-0193,2024-12-08,Low,Onboarding,24.3,4,Closed,Support A
TIC-0355,CUST-0165,2024-07-27,High,Feature Request,11.7,5,Closed,Support A
TIC-0356,CUST-0214,2024-06-01,Medium,Billing,18.6,5,Closed,Support D
TIC-0357,CUST-0058,2024-12-26,High,Onboarding,14.9,5,Pending,Support A
TIC-0358,CUST-0113,2025-03-19,High,Onboarding,14.0,3,Closed,Support C
TIC-0359,CUST-0061,2024-05-02,Medium,Integration,10.1,5,Resolved,Support B
TIC-0360,CUST-0054,2025-08-31,Medium,Feature Request,9.3,5,Open,Support D
TIC-0361,CUST-0025,2025-07-16,Medium,Integration,12.7,4,Closed,Support B
TIC-0362,CUST-0010,2025-06-09,Medium,Onboarding,14.7,5,Resolved,Support D
TIC-0363,CUST-0232,2025-07-30,Medium,Integration,18.0,5,Closed,Support D
TIC-0364,CUST-0276,2025-12-04,Medium,Bug,19.7,5,Resolved,Support B
TIC-0365,CUST-0120,2024-01-13,High,Billing,5.1,5,Resolved,Support C
TIC-0366,CUST-0303,2024-12-29,Low,Bug,18.2,5,Closed,Support B
TIC-0367,CUST-0197,2025-04-08,High,Account Access,8.2,4,Resolved,Support A
TIC-0368,CUST-0142,2024-01-19,Medium,Integration,12.8,4,Resolved,Support D
TIC-0369,CUST-0158,2025-09-15,Medium,Billing,11.2,5,Resolved,Support C
TIC-0370,CUST-0086,2025-11-10,High,Bug,5.6,5,Resolved,Support D
TIC-0371,CUST-0121,2025-04-25,Urgent,Billing,5.6,5,Closed,Support C
TIC-0372,CUST-0055,2025-06-08,High,Account Access,7.1,4,Closed,Support A
TIC-0373,CUST-0014,2024-10-09,High,Integration,13.1,4,Closed,Support A
TIC-0374,CUST-0178,2025-11-29,High,Billing,10.3,4,Closed,Support B
TIC-0375,CUST-0316,2024-09-18,High,Onboarding,1.2,5,Closed,Support A
TIC-0376,CUST-0319,2025-12-03,Low,Integration,16.9,5,Open,Support D
TIC-0377,CUST-0026,2025-10-17,Medium,Integration,23.2,4,Closed,Support D
TIC-0378,CUST-0219,2026-01-09,Medium,Billing,18.5,5,Resolved,Support B
TIC-0379,CUST-0312,2024-10-11,Low,Billing,13.3,3,Closed,Support C
TIC-0380,CUST-0266,2026-01-31,Urgent,Integration,9.3,4,Closed,Support A
TIC-0381,CUST-0131,2025-09-30,Medium,Onboarding,12.7,5,Closed,Support B
TIC-0382,CUST-0146,2024-01-07,Low,Billing,14.8,4,Resolved,Support D
TIC-0383,CUST-0048,2025-04-03,Medium,Integration,12.1,4,Resolved,Support C
TIC-0384,CUST-0240,2025-03-05,Low,Billing,18.4,5,Closed,Support C
TIC-0385,CUST-0260,2024-08-04,Low,Feature Request,24.6,3,Pending,Support D
TIC-0386,CUST-0119,2024-08-05,Low,Integration,22.4,5,Closed,Support D
TIC-0387,CUST-0249,2025-12-15,High,Billing,3.9,5,Pending,Support B
TIC-0388,CUST-0121,2025-09-23,Medium,Feature Request,13.0,5,Resolved,Support C
TIC-0389,CUST-0132,2025-07-05,High,Billing,9.3,3,Resolved,Support C
TIC-0390,CUST-0245,2025-02-19,Medium,Billing,19.7,5,Resolved,Support A
TIC-0391,CUST-0108,2025-09-29,Medium,Feature Request,21.2,4,Closed,Support B
TIC-0392,CUST-0241,2025-01-05,Low,Bug,19.2,5,Resolved,Support D
TIC-0393,CUST-0164,2024-06-19,High,Bug,6.3,4,Resolved,Support B
TIC-0394,CUST-0050,2026-01-26,Low,Feature Request,14.2,5,Resolved,Support D
TIC-0395,CUST-0167,2025-03-23,Low,Billing,11.7,4,Open,Support C
TIC-0396,CUST-0167,2026-02-28,Medium,Integration,14.5,3,Closed,Support B
TIC-0397,CUST-0314,2024-10-26,Low,Account Access,15.3,4,Closed,Support D
TIC-0398,CUST-0093,2025-08-13,Low,Account Access,18.8,5,Open,Support D
TIC-0399,CUST-0081,2025-10-07,Medium,Integration,20.1,4,Resolved,Support C
TIC-0400,CUST-0181,2025-07-05,Low,Account Access,18.1,4,Pending,Support B
TIC-0401,CUST-0043,2025-02-22,Urgent,Feature Request,5.8,4,Closed,Support D
TIC-0402,CUST-0013,2026-03-05,Low,Feature Request,18.8,5,Closed,Support C
TIC-0403,CUST-0228,2025-05-03,Urgent,Onboarding,8.0,5,Resolved,Support D
TIC-0404,CUST-0046,2024-08-30,Urgent,Integration,1.0,5,Resolved,Support A
TIC-0405,CUST-0171,2024-09-11,Medium,Integration,18.6,5,Closed,Support B
TIC-0406,CUST-0115,2025-11-05,High,Onboarding,7.0,5,Resolved,Support C
TIC-0407,CUST-0100,2026-02-16,Medium,Onboarding,13.6,3,Closed,Support D
TIC-0408,CUST-0080,2024-06-22,Low,Integration,23.3,5,Closed,Support C
TIC-0409,CUST-0209,2024-09-19,Medium,Bug,8.8,4,Resolved,Support A
TIC-0410,CUST-0230,2024-03-17,Medium,Onboarding,10.8,3,Closed,Support B
TIC-0411,CUST-0310,2025-09-05,Low,Billing,23.8,5,Pending,Support B
TIC-0412,CUST-0316,2024-05-24,Low,Bug,20.9,5,Resolved,Support D
TIC-0413,CUST-0008,2024-11-09,Medium,Onboarding,7.8,5,Pending,Support A
TIC-0414,CUST-0126,2025-03-07,Medium,Account Access,13.7,3,Resolved,Support C
TIC-0415,CUST-0213,2024-06-29,Medium,Billing,12.5,4,Pending,Support C
TIC-0416,CUST-0087,2025-07-14,Medium,Integration,10.4,5,Closed,Support A
TIC-0417,CUST-0281,2025-06-10,High,Integration,15.2,5,Pending,Support A
TIC-0418,CUST-0236,2024-04-11,Medium,Account Access,11.3,4,Closed,Support D
TIC-0419,CUST-0014,2024-09-07,High,Onboarding,4.3,4,Resolved,Support C
TIC-0420,CUST-0134,2026-03-11,High,Bug,8.7,5,Resolved,Support A
TIC-0421,CUST-0102,2024-06-26,Medium,Account Access,10.9,5,Resolved,Support B
TIC-0422,CUST-0038,2026-01-02,Medium,Account Access,1.7,5,Open,Support C
TIC-0423,CUST-0120,2025-06-08,High,Account Access,9.4,5,Closed,Support D
TIC-0424,CUST-0169,2026-02-28,Medium,Account Access,20.9,5,Pending,Support A
TIC-0425,CUST-0285,2026-02-16,Urgent,Billing,7.9,5,Resolved,Support A
TIC-0426,CUST-0117,2024-04-17,Low,Onboarding,12.8,4,Closed,Support C
TIC-0427,CUST-0199,2024-01-08,Low,Bug,19.3,3,Resolved,Support D
TIC-0428,CUST-0009,2024-11-11,Low,Bug,18.2,5,Resolved,Support C
TIC-0429,CUST-0270,2025-07-11,Medium,Billing,8.6,4,Resolved,Support A
TIC-0430,CUST-0134,2024-04-29,Medium,Bug,12.9,5,Pending,Support D
TIC-0431,CUST-0046,2025-07-20,High,Billing,12.7,3,Open,Support A
TIC-0432,CUST-0236,2025-09-08,Medium,Bug,14.2,5,Open,Support D
TIC-0433,CUST-0087,2024-06-08,Low,Account Access,22.8,5,Open,Support A
TIC-0434,CUST-0290,2025-10-30,High,Billing,9.3,5,Resolved,Support A
TIC-0435,CUST-0142,2025-02-01,Medium,Billing,15.9,5,Closed,Support D
TIC-0436,CUST-0074,2025-05-17,Low,Account Access,17.8,5,Resolved,Support A
TIC-0437,CUST-0223,2026-01-23,High,Bug,5.9,4,Resolved,Support B
TIC-0438,CUST-0186,2024-01-28,Low,Onboarding,12.2,5,Resolved,Support C
TIC-0439,CUST-0035,2024-02-06,Medium,Integration,12.7,5,Open,Support C
TIC-0440,CUST-0039,2026-04-09,High,Feature Request,18.4,3,Resolved,Support B
TIC-0441,CUST-0016,2025-08-28,Medium,Bug,21.5,5,Closed,Support B
TIC-0442,CUST-0151,2024-01-01,Medium,Billing,16.7,5,Resolved,Support D
TIC-0443,CUST-0213,2024-12-11,Low,Integration,26.8,4,Closed,Support C
TIC-0444,CUST-0247,2024-10-11,Low,Integration,22.2,3,Resolved,Support A
TIC-0445,CUST-0006,2024-01-29,High,Feature Request,10.8,4,Resolved,Support A
TIC-0446,CUST-0159,2025-03-16,Medium,Account Access,15.3,4,Resolved,Support A
TIC-0447,CUST-0010,2024-08-18,Medium,Account Access,17.2,5,Resolved,Support C
TIC-0448,CUST-0199,2026-01-30,Medium,Bug,11.8,3,Resolved,Support A
TIC-0449,CUST-0072,2024-08-06,Low,Billing,17.4,5,Resolved,Support A
TIC-0450,CUST-0208,2026-01-31,Low,Integration,22.6,3,Resolved,Support C
TIC-0451,CUST-0017,2025-04-12,Urgent,Billing,10.8,5,Resolved,Support D
TIC-0452,CUST-0243,2025-10-11,Medium,Billing,10.8,4,Pending,Support D
TIC-0453,CUST-0082,2025-11-08,Low,Account Access,24.7,4,Pending,Support D
TIC-0454,CUST-0178,2025-03-11,Medium,Account Access,10.9,5,Resolved,Support D
TIC-0455,CUST-0085,2024-01-11,Low,Billing,19.5,5,Resolved,Support A
TIC-0456,CUST-0117,2025-01-27,High,Feature Request,19.6,4,Resolved,Support C
TIC-0457,CUST-0046,2024-09-15,Medium,Bug,12.9,5,Pending,Support D
TIC-0458,CUST-0152,2024-12-11,Low,Feature Request,13.8,4,Resolved,Support A
TIC-0459,CUST-0287,2024-02-22,Low,Account Access,19.4,5,Closed,Support C
TIC-0460,CUST-0241,2024-07-19,Urgent,Onboarding,4.5,5,Resolved,Support D
TIC-0461,CUST-0072,2025-08-30,Low,Onboarding,19.2,5,Open,Support B
TIC-0462,CUST-0134,2024-11-27,Low,Integration,19.2,3,Closed,Support C
TIC-0463,CUST-0227,2024-02-12,Low,Bug,16.2,3,Open,Support D
TIC-0464,CUST-0007,2024-06-20,Low,Bug,22.1,4,Closed,Support B
TIC-0465,CUST-0042,2024-07-11,Low,Billing,17.6,4,Open,Support C
TIC-0466,CUST-0154,2024-03-11,Medium,Feature Request,14.8,5,Pending,Support B
TIC-0467,CUST-0230,2025-09-20,Low,Integration,19.7,3,Pending,Support B
TIC-0468,CUST-0109,2026-02-12,High,Account Access,11.4,5,Closed,Support A
TIC-0469,CUST-0014,2026-02-18,High,Integration,11.7,5,Closed,Support D
TIC-0470,CUST-0056,2024-05-19,High,Onboarding,13.5,4,Resolved,Support D
TIC-0471,CUST-0246,2025-01-20,Low,Integration,21.6,4,Open,Support C
TIC-0472,CUST-0181,2024-02-29,High,Billing,5.4,5,Closed,Support C
TIC-0473,CUST-0127,2026-03-24,Urgent,Integration,3.0,5,Open,Support B
TIC-0474,CUST-0264,2025-03-18,Low,Bug,18.9,5,Closed,Support A
TIC-0475,CUST-0129,2024-09-01,Medium,Bug,12.4,3,Pending,Support D
TIC-0476,CUST-0173,2025-07-31,Low,Billing,23.2,5,Closed,Support A
TIC-0477,CUST-0179,2024-07-09,Medium,Bug,16.5,5,Closed,Support C
TIC-0478,CUST-0100,2024-01-16,Urgent,Onboarding,0.5,4,Open,Support B
TIC-0479,CUST-0028,2024-08-20,Medium,Integration,13.5,5,Resolved,Support D
TIC-0480,CUST-0304,2024-05-25,Medium,Billing,15.8,5,Closed,Support A
TIC-0481,CUST-0169,2024-01-14,High,Billing,8.1,4,Resolved,Support C
TIC-0482,CUST-0179,2025-12-24,Low,Onboarding,19.5,5,Closed,Support A
TIC-0483,CUST-0159,2024-09-10,Medium,Onboarding,9.0,4,Pending,Support C
TIC-0484,CUST-0191,2025-02-27,Medium,Integration,14.9,4,Closed,Support B
TIC-0485,CUST-0289,2025-01-21,Low,Onboarding,20.9,4,Closed,Support B
TIC-0486,CUST-0251,2026-02-13,Low,Account Access,26.3,5,Closed,Support A
TIC-0487,CUST-0168,2025-02-22,Medium,Feature Request,9.6,5,Resolved,Support B
TIC-0488,CUST-0158,2024-07-14,Low,Onboarding,10.0,4,Closed,Support B
TIC-0489,CUST-0077,2025-08-14,High,Onboarding,4.4,3,Closed,Support D
TIC-0490,CUST-0018,2024-12-28,High,Account Access,13.1,3,Pending,Support A
TIC-0491,CUST-0082,2025-11-28,Low,Bug,17.3,4,Closed,Support D
TIC-0492,CUST-0128,2025-06-30,Low,Bug,21.3,5,Resolved,Support C
TIC-0493,CUST-0099,2024-10-21,Low,Feature Request,22.9,3,Resolved,Support B
TIC-0494,CUST-0212,2024-05-07,Low,Account Access,16.5,5,Resolved,Support B
TIC-0495,CUST-0013,2025-03-31,Low,Onboarding,11.9,5,Closed,Support C
TIC-0496,CUST-0062,2024-10-14,High,Feature Request,7.0,5,Closed,Support D
TIC-0497,CUST-0157,2025-04-07,High,Bug,10.7,4,Resolved,Support B
TIC-0498,CUST-0208,2025-02-16,Low,Account Access,20.7,5,Open,Support C
TIC-0499,CUST-0115,2025-07-15,Low,Billing,18.2,5,Closed,Support A
TIC-0500,CUST-0208,2025-01-17,High,Billing,14.7,5,Closed,Support C
TIC-0501,CUST-0036,2025-06-04,Medium,Billing,14.0,4,Closed,Support B
TIC-0502,CUST-0285,2025-06-23,High,Onboarding,3.0,3,Resolved,Support D
TIC-0503,CUST-0018,2026-04-11,Medium,Bug,14.4,4,Resolved,Support B
TIC-0504,CUST-0048,2025-06-12,Low,Onboarding,15.7,5,Closed,Support B
TIC-0505,CUST-0267,2026-02-01,Urgent,Feature Request,1.9,3,Closed,Support B
TIC-0506,CUST-0142,2025-08-04,Low,Billing,24.9,5,Resolved,Support C
TIC-0507,CUST-0298,2024-07-08,High,Bug,0.5,5,Pending,Support B
TIC-0508,CUST-0244,2025-10-26,Low,Account Access,16.0,4,Resolved,Support A
TIC-0509,CUST-0286,2024-03-17,Medium,Bug,12.6,5,Resolved,Support A
TIC-0510,CUST-0090,2024-03-31,Low,Onboarding,17.8,3,Open,Support B
TIC-0511,CUST-0126,2025-05-30,Medium,Account Access,9.2,5,Pending,Support D
TIC-0512,CUST-0159,2025-09-04,Urgent,Onboarding,5.8,4,Closed,Support C
TIC-0513,CUST-0272,2025-06-05,Low,Feature Request,19.0,3,Resolved,Support A
TIC-0514,CUST-0089,2025-06-27,Medium,Bug,11.2,5,Closed,Support C
TIC-0515,CUST-0291,2024-08-16,Urgent,Billing,6.4,5,Closed,Support D
TIC-0516,CUST-0265,2024-04-08,Low,Integration,11.7,4,Closed,Support B
TIC-0517,CUST-0216,2025-08-27,Medium,Bug,14.5,4,Resolved,Support C
TIC-0518,CUST-0262,2025-02-28,Low,Account Access,30.4,3,Resolved,Support B
TIC-0519,CUST-0119,2024-02-23,High,Onboarding,8.0,5,Resolved,Support D
TIC-0520,CUST-0020,2024-03-27,Low,Billing,20.0,5,Closed,Support A
TIC-0521,CUST-0131,2024-10-28,Medium,Bug,19.0,5,Pending,Support D
TIC-0522,CUST-0158,2025-05-30,Medium,Bug,15.2,4,Resolved,Support D
TIC-0523,CUST-0036,2025-05-06,Urgent,Bug,6.3,5,Closed,Support B
TIC-0524,CUST-0313,2025-10-27,Medium,Account Access,9.8,3,Resolved,Support A
TIC-0525,CUST-0219,2025-01-03,High,Feature Request,12.7,5,Closed,Support D
TIC-0526,CUST-0208,2025-12-26,Low,Bug,21.9,5,Closed,Support C
TIC-0527,CUST-0214,2026-03-10,Low,Integration,19.6,5,Resolved,Support D
TIC-0528,CUST-0269,2025-01-05,Medium,Account Access,16.8,5,Closed,Support B
TIC-0529,CUST-0212,2024-03-16,Medium,Account Access,18.3,5,Resolved,Support C
TIC-0530,CUST-0278,2025-08-02,High,Bug,6.9,5,Closed,Support D
TIC-0531,CUST-0020,2024-10-15,Low,Feature Request,18.9,5,Resolved,Support A
TIC-0532,CUST-0080,2024-05-03,Urgent,Integration,7.3,4,Resolved,Support A
TIC-0533,CUST-0204,2026-02-16,Low,Billing,24.2,5,Closed,Support C
TIC-0534,CUST-0002,2024-08-16,High,Integration,8.0,5,Closed,Support A
TIC-0535,CUST-0156,2024-08-07,Medium,Billing,11.0,5,Resolved,Support A
TIC-0536,CUST-0263,2026-01-18,Medium,Feature Request,11.0,5,Open,Support D
TIC-0537,CUST-0053,2025-09-21,High,Onboarding,9.3,5,Closed,Support B
TIC-0538,CUST-0320,2026-03-20,Low,Billing,19.8,4,Closed,Support A
TIC-0539,CUST-0086,2025-11-23,Medium,Feature Request,11.8,5,Open,Support D
TIC-0540,CUST-0192,2025-04-04,Medium,Feature Request,12.7,5,Resolved,Support B
TIC-0541,CUST-0077,2025-07-22,Low,Billing,17.7,5,Closed,Support C
TIC-0542,CUST-0202,2024-03-01,High,Feature Request,3.6,5,Resolved,Support C
TIC-0543,CUST-0060,2024-02-22,Medium,Billing,15.2,5,Closed,Support D
TIC-0544,CUST-0035,2025-11-06,Medium,Billing,7.5,5,Resolved,Support B
TIC-0545,CUST-0151,2024-10-25,Medium,Onboarding,9.0,3,Pending,Support B
TIC-0546,CUST-0118,2026-02-16,Medium,Onboarding,10.3,5,Closed,Support C
TIC-0547,CUST-0235,2024-12-06,High,Feature Request,8.4,4,Pending,Support B
TIC-0548,CUST-0214,2024-01-22,Medium,Bug,21.0,5,Resolved,Support C
TIC-0549,CUST-0312,2025-12-22,Medium,Onboarding,10.7,3,Closed,Support A
TIC-0550,CUST-0264,2025-04-22,High,Integration,6.9,5,Resolved,Support C
TIC-0551,CUST-0011,2024-07-16,Medium,Bug,18.5,4,Pending,Support D
TIC-0552,CUST-0062,2025-07-31,High,Onboarding,7.1,5,Closed,Support B
TIC-0553,CUST-0311,2024-08-01,High,Integration,7.0,4,Closed,Support B
TIC-0554,CUST-0044,2026-03-21,Low,Account Access,17.4,4,Closed,Support A
TIC-0555,CUST-0021,2025-05-01,Low,Onboarding,14.1,5,Resolved,Support B
TIC-0556,CUST-0030,2025-01-25,Medium,Onboarding,19.1,4,Closed,Support B
TIC-0557,CUST-0227,2025-12-15,Low,Account Access,12.9,3,Pending,Support D
TIC-0558,CUST-0249,2025-04-11,Medium,Onboarding,21.5,5,Closed,Support B
TIC-0559,CUST-0066,2026-01-06,Urgent,Feature Request,7.7,4,Open,Support D
TIC-0560,CUST-0242,2024-11-17,Medium,Onboarding,11.1,5,Pending,Support B
TIC-0561,CUST-0016,2025-09-11,Medium,Feature Request,9.6,5,Closed,Support C
TIC-0562,CUST-0153,2024-07-27,Medium,Account Access,6.1,5,Resolved,Support D
TIC-0563,CUST-0207,2025-08-08,Low,Billing,20.4,5,Closed,Support D
TIC-0564,CUST-0260,2025-09-10,Urgent,Onboarding,9.0,5,Open,Support D
TIC-0565,CUST-0266,2025-03-10,Low,Billing,23.3,5,Resolved,Support A
TIC-0566,CUST-0320,2024-10-19,Medium,Account Access,13.7,4,Resolved,Support D
TIC-0567,CUST-0143,2024-07-09,Medium,Onboarding,16.2,4,Pending,Support D
TIC-0568,CUST-0033,2024-03-03,Medium,Feature Request,16.6,5,Closed,Support D
TIC-0569,CUST-0142,2024-02-26,Medium,Billing,16.1,4,Resolved,Support A
TIC-0570,CUST-0123,2025-04-04,Medium,Integration,11.8,5,Open,Support C
TIC-0571,CUST-0212,2025-06-19,Urgent,Integration,2.8,3,Closed,Support C
TIC-0572,CUST-0274,2025-05-21,Medium,Billing,8.4,5,Resolved,Support A
TIC-0573,CUST-0055,2024-07-14,Medium,Account Access,8.6,5,Pending,Support C
TIC-0574,CUST-0202,2025-04-07,High,Onboarding,3.6,5,Resolved,Support D
TIC-0575,CUST-0126,2024-04-04,High,Onboarding,9.3,5,Resolved,Support D
TIC-0576,CUST-0271,2025-02-25,Low,Bug,18.5,5,Closed,Support D
TIC-0577,CUST-0107,2026-03-21,Medium,Bug,16.7,5,Resolved,Support C
TIC-0578,CUST-0315,2025-06-12,Medium,Billing,14.2,5,Resolved,Support C
TIC-0579,CUST-0142,2025-08-03,Medium,Billing,14.5,4,Closed,Support B
TIC-0580,CUST-0132,2025-07-30,Medium,Feature Request,11.2,3,Pending,Support D
TIC-0581,CUST-0195,2024-06-23,Low,Integration,15.5,5,Closed,Support B
TIC-0582,CUST-0131,2025-06-03,Low,Billing,13.7,5,Closed,Support B
TIC-0583,CUST-0010,2024-12-29,Low,Onboarding,18.6,4,Resolved,Support D
TIC-0584,CUST-0307,2024-02-10,Low,Billing,23.0,5,Closed,Support B
TIC-0585,CUST-0046,2026-03-15,High,Bug,9.2,4,Closed,Support C
TIC-0586,CUST-0234,2024-11-30,Medium,Feature Request,13.4,5,Pending,Support D
TIC-0587,CUST-0265,2025-03-03,Urgent,Billing,3.6,5,Closed,Support B
TIC-0588,CUST-0124,2024-08-19,Low,Feature Request,18.0,5,Closed,Support C
TIC-0589,CUST-0080,2024-01-21,Low,Feature Request,19.9,4,Resolved,Support D
TIC-0590,CUST-0090,2025-08-12,High,Account Access,12.5,5,Open,Support D
TIC-0591,CUST-0145,2024-03-07,Low,Billing,18.6,5,Closed,Support D
TIC-0592,CUST-0126,2025-11-15,Low,Onboarding,19.7,4,Pending,Support C
TIC-0593,CUST-0220,2025-01-13,High,Feature Request,7.7,4,Closed,Support A
TIC-0594,CUST-0113,2026-02-18,High,Feature Request,15.5,5,Resolved,Support B
TIC-0595,CUST-0224,2024-09-23,Medium,Billing,18.8,5,Resolved,Support B
TIC-0596,CUST-0262,2025-09-08,Low,Feature Request,22.5,5,Closed,Support B
TIC-0597,CUST-0174,2026-04-14,Medium,Bug,10.5,5,Pending,Support D
TIC-0598,CUST-0002,2025-05-23,Medium,Integration,19.3,3,Closed,Support C
TIC-0599,CUST-0233,2026-03-25,Medium,Billing,14.2,5,Resolved,Support C
TIC-0600,CUST-0317,2024-03-31,Medium,Account Access,20.8,4,Resolved,Support B
TIC-0601,CUST-0134,2024-02-23,High,Account Access,15.3,5,Resolved,Support B
TIC-0602,CUST-0031,2025-02-15,Medium,Account Access,11.2,5,Resolved,Support A
TIC-0603,CUST-0320,2026-03-12,High,Integration,3.5,4,Resolved,Support A
TIC-0604,CUST-0119,2024-05-01,Medium,Feature Request,15.6,4,Resolved,Support C
TIC-0605,CUST-0139,2026-02-15,Low,Billing,18.8,3,Closed,Support B
TIC-0606,CUST-0108,2024-04-20,Medium,Billing,11.2,5,Closed,Support B
TIC-0607,CUST-0008,2024-12-16,Medium,Integration,15.1,5,Closed,Support B
TIC-0608,CUST-0096,2026-02-02,Medium,Onboarding,14.2,4,Closed,Support C
TIC-0609,CUST-0189,2025-12-24,Medium,Account Access,21.4,5,Resolved,Support D
TIC-0610,CUST-0191,2025-01-28,High,Account Access,8.7,5,Resolved,Support B
TIC-0611,CUST-0118,2025-08-31,Low,Integration,20.4,3,Closed,Support A
TIC-0612,CUST-0277,2025-05-31,Medium,Onboarding,11.3,5,Resolved,Support B
TIC-0613,CUST-0272,2024-01-16,Medium,Integration,12.6,5,Resolved,Support D
TIC-0614,CUST-0266,2024-07-22,Low,Billing,22.1,5,Closed,Support C
TIC-0615,CUST-0302,2026-02-24,Medium,Feature Request,8.1,5,Open,Support D
TIC-0616,CUST-0150,2024-12-15,High,Bug,13.0,5,Closed,Support D
TIC-0617,CUST-0240,2024-01-04,High,Bug,0.5,5,Resolved,Support C
TIC-0618,CUST-0267,2025-04-07,High,Billing,12.1,5,Resolved,Support A
TIC-0619,CUST-0068,2024-02-05,Medium,Account Access,15.0,5,Closed,Support A
TIC-0620,CUST-0237,2024-10-21,Low,Billing,19.3,5,Closed,Support C
TIC-0621,CUST-0246,2025-05-21,Low,Bug,23.3,5,Closed,Support C
TIC-0622,CUST-0007,2025-11-29,Medium,Account Access,14.9,3,Resolved,Support A
TIC-0623,CUST-0062,2024-03-10,Low,Bug,20.2,4,Closed,Support A
TIC-0624,CUST-0203,2025-09-25,High,Feature Request,4.4,5,Closed,Support A
TIC-0625,CUST-0201,2025-03-01,Medium,Feature Request,1.8,5,Closed,Support C
TIC-0626,CUST-0094,2025-03-29,Medium,Feature Request,15.3,4,Closed,Support A
TIC-0627,CUST-0279,2024-09-10,Low,Account Access,25.5,4,Closed,Support A
TIC-0628,CUST-0198,2024-03-22,Medium,Integration,10.1,4,Pending,Support B
TIC-0629,CUST-0292,2024-02-17,Low,Onboarding,18.0,4,Resolved,Support C
TIC-0630,CUST-0108,2024-02-08,Medium,Billing,21.0,5,Pending,Support B
TIC-0631,CUST-0050,2025-02-11,Medium,Bug,22.4,4,Closed,Support C
TIC-0632,CUST-0243,2024-04-28,Low,Billing,29.0,5,Open,Support D
TIC-0633,CUST-0122,2025-05-18,High,Integration,3.6,3,Pending,Support A
TIC-0634,CUST-0021,2024-03-02,Medium,Integration,12.9,3,Closed,Support D
TIC-0635,CUST-0318,2026-04-09,Urgent,Integration,3.8,5,Resolved,Support C
TIC-0636,CUST-0201,2024-10-04,Medium,Account Access,7.7,5,Resolved,Support C
TIC-0637,CUST-0233,2026-02-13,Medium,Integration,16.8,5,Resolved,Support D
TIC-0638,CUST-0164,2025-10-10,Medium,Account Access,14.4,5,Closed,Support A
TIC-0639,CUST-0011,2025-08-20,High,Account Access,3.4,4,Closed,Support D
TIC-0640,CUST-0271,2024-10-16,Medium,Onboarding,8.8,4,Resolved,Support A
TIC-0641,CUST-0276,2024-01-05,Medium,Bug,16.8,3,Closed,Support B
TIC-0642,CUST-0014,2026-03-17,Medium,Billing,21.7,3,Pending,Support D
TIC-0643,CUST-0179,2024-12-11,Low,Feature Request,21.9,5,Closed,Support A
TIC-0644,CUST-0218,2024-08-03,Medium,Feature Request,20.0,3,Resolved,Support B
TIC-0645,CUST-0104,2024-02-23,Low,Feature Request,18.3,5,Pending,Support D
TIC-0646,CUST-0116,2025-12-02,Low,Billing,19.9,5,Closed,Support C
TIC-0647,CUST-0284,2026-04-13,Medium,Account Access,22.4,5,Resolved,Support A
TIC-0648,CUST-0055,2024-06-19,High,Integration,9.7,3,Resolved,Support B
TIC-0649,CUST-0031,2025-02-11,Urgent,Account Access,7.1,5,Pending,Support B
TIC-0650,CUST-0228,2024-04-19,High,Integration,5.1,3,Closed,Support A
TIC-0651,CUST-0233,2025-03-01,High,Bug,10.8,4,Closed,Support D
TIC-0652,CUST-0104,2025-10-31,Medium,Billing,12.9,3,Closed,Support D
TIC-0653,CUST-0274,2025-02-24,Medium,Onboarding,12.1,5,Pending,Support D
TIC-0654,CUST-0121,2024-12-24,High,Feature Request,21.3,5,Closed,Support B
TIC-0655,CUST-0239,2024-10-25,Urgent,Feature Request,7.1,5,Resolved,Support D
TIC-0656,CUST-0247,2026-04-10,High,Account Access,12.9,5,Resolved,Support D
TIC-0657,CUST-0198,2024-02-04,Low,Bug,25.7,5,Closed,Support A
TIC-0658,CUST-0052,2024-09-28,Medium,Billing,13.1,5,Resolved,Support A
TIC-0659,CUST-0226,2026-03-26,Medium,Billing,6.2,3,Closed,Support D
TIC-0660,CUST-0114,2024-05-24,Low,Account Access,30.6,4,Closed,Support B
TIC-0661,CUST-0173,2026-01-04,Medium,Billing,12.9,5,Closed,Support C
TIC-0662,CUST-0118,2024-08-23,High,Integration,5.4,5,Pending,Support B
TIC-0663,CUST-0297,2025-11-30,Urgent,Billing,0.5,5,Pending,Support D
TIC-0664,CUST-0204,2024-02-24,Medium,Bug,16.0,3,Closed,Support A
TIC-0665,CUST-0180,2024-03-26,Medium,Bug,13.8,5,Resolved,Support B
TIC-0666,CUST-0165,2025-03-21,Medium,Account Access,16.7,5,Resolved,Support D
TIC-0667,CUST-0316,2025-10-06,High,Bug,8.5,5,Resolved,Support D
TIC-0668,CUST-0238,2025-01-31,Low,Integration,22.2,5,Resolved,Support A
TIC-0669,CUST-0317,2025-02-20,Medium,Feature Request,17.9,4,Resolved,Support C
TIC-0670,CUST-0268,2025-05-09,Low,Account Access,24.2,5,Pending,Support C
TIC-0671,CUST-0054,2025-03-06,Medium,Integration,13.7,4,Resolved,Support B
TIC-0672,CUST-0194,2024-05-23,Medium,Bug,12.9,4,Closed,Support B
TIC-0673,CUST-0173,2025-06-17,Low,Account Access,20.9,5,Resolved,Support D
TIC-0674,CUST-0115,2024-09-29,Low,Billing,12.4,5,Closed,Support C
TIC-0675,CUST-0134,2025-04-23,Medium,Account Access,16.8,4,Closed,Support D
TIC-0676,CUST-0265,2026-03-28,Medium,Billing,20.2,5,Pending,Support D
TIC-0677,CUST-0190,2024-03-14,Medium,Bug,10.0,5,Resolved,Support C
TIC-0678,CUST-0233,2024-01-30,High,Feature Request,13.2,3,Open,Support D
TIC-0679,CUST-0134,2025-11-30,Medium,Integration,18.4,5,Resolved,Support C
TIC-0680,CUST-0059,2024-08-19,Medium,Bug,12.7,3,Resolved,Support A
TIC-0681,CUST-0254,2025-07-02,High,Bug,7.1,4,Closed,Support B
TIC-0682,CUST-0132,2025-01-06,Low,Integration,22.7,5,Resolved,Support A
TIC-0683,CUST-0097,2025-01-08,High,Feature Request,12.3,5,Resolved,Support A
TIC-0684,CUST-0135,2024-04-11,Low,Integration,22.6,5,Open,Support A
TIC-0685,CUST-0150,2025-11-20,High,Bug,3.7,5,Closed,Support B
TIC-0686,CUST-0161,2025-06-16,Low,Integration,17.6,5,Closed,Support A
TIC-0687,CUST-0069,2025-04-14,Medium,Bug,22.4,5,Closed,Support D
TIC-0688,CUST-0257,2024-12-12,Low,Integration,12.7,3,Closed,Support D
TIC-0689,CUST-0145,2024-10-04,Medium,Feature Request,18.9,5,Open,Support B
TIC-0690,CUST-0086,2025-08-02,Medium,Onboarding,14.4,4,Pending,Support D
TIC-0691,CUST-0167,2025-07-23,High,Billing,11.9,5,Resolved,Support B
TIC-0692,CUST-0213,2025-10-17,Medium,Onboarding,18.3,5,Resolved,Support B
TIC-0693,CUST-0122,2025-07-17,High,Feature Request,0.5,3,Open,Support A
TIC-0694,CUST-0187,2025-08-16,Medium,Account Access,19.9,5,Closed,Support A
TIC-0695,CUST-0004,2025-12-16,Low,Billing,18.7,5,Resolved,Support D
TIC-0696,CUST-0269,2026-01-23,Medium,Bug,16.3,5,Closed,Support B
TIC-0697,CUST-0027,2026-02-12,Urgent,Billing,3.6,5,Open,Support D
TIC-0698,CUST-0293,2026-01-25,Low,Bug,20.4,4,Closed,Support D
TIC-0699,CUST-0194,2025-10-25,Medium,Billing,13.0,5,Closed,Support A
TIC-0700,CUST-0229,2024-01-03,High,Account Access,10.1,5,Resolved,Support B
TIC-0701,CUST-0318,2025-11-10,Low,Account Access,13.6,5,Closed,Support D
TIC-0702,CUST-0111,2024-12-06,Medium,Bug,9.7,4,Pending,Support D
TIC-0703,CUST-0103,2025-07-26,Medium,Account Access,16.0,5,Closed,Support C
TIC-0704,CUST-0312,2024-03-31,Low,Bug,15.8,5,Closed,Support B
TIC-0705,CUST-0185,2025-01-06,High,Integration,4.5,4,Resolved,Support B
TIC-0706,CUST-0135,2025-02-13,Medium,Account Access,20.3,5,Closed,Support D
TIC-0707,CUST-0042,2025-11-09,Medium,Feature Request,10.2,5,Resolved,Support B
TIC-0708,CUST-0301,2025-02-23,Low,Account Access,27.9,5,Closed,Support A
TIC-0709,CUST-0313,2024-10-31,Low,Onboarding,14.9,4,Open,Support D
TIC-0710,CUST-0306,2026-03-10,High,Integration,6.7,5,Closed,Support C
TIC-0711,CUST-0169,2024-09-26,Urgent,Billing,6.9,5,Pending,Support B
TIC-0712,CUST-0263,2024-10-13,Medium,Integration,9.2,4,Closed,Support C
TIC-0713,CUST-0301,2024-09-20,Low,Billing,17.8,4,Closed,Support D
TIC-0714,CUST-0178,2026-01-22,Medium,Billing,12.9,5,Resolved,Support B
TIC-0715,CUST-0011,2024-02-27,Medium,Account Access,18.4,3,Closed,Support D
TIC-0716,CUST-0147,2024-08-03,Urgent,Account Access,5.6,5,Resolved,Support C
TIC-0717,CUST-0076,2025-11-04,High,Bug,2.8,5,Closed,Support D
TIC-0718,CUST-0257,2024-01-26,High,Integration,20.3,4,Closed,Support A
TIC-0719,CUST-0001,2024-04-16,Medium,Account Access,12.1,4,Closed,Support C
TIC-0720,CUST-0096,2024-10-27,Medium,Account Access,13.2,4,Resolved,Support A
TIC-0721,CUST-0003,2024-05-18,Urgent,Feature Request,9.6,4,Closed,Support B
TIC-0722,CUST-0158,2025-12-12,Low,Onboarding,24.1,3,Closed,Support D
TIC-0723,CUST-0249,2024-06-12,High,Integration,5.7,4,Closed,Support A
TIC-0724,CUST-0273,2024-08-05,Medium,Bug,14.4,5,Closed,Support A
TIC-0725,CUST-0030,2024-02-07,High,Onboarding,9.0,4,Closed,Support A
TIC-0726,CUST-0259,2024-01-15,High,Bug,14.7,3,Pending,Support B
TIC-0727,CUST-0008,2024-11-19,High,Integration,5.4,4,Closed,Support D
TIC-0728,CUST-0285,2026-03-04,Medium,Bug,14.5,5,Closed,Support D
TIC-0729,CUST-0177,2025-04-05,Medium,Feature Request,11.9,5,Resolved,Support D
TIC-0730,CUST-0277,2025-01-03,Low,Onboarding,22.9,5,Resolved,Support D
TIC-0731,CUST-0269,2024-06-20,Medium,Feature Request,17.4,3,Open,Support A
TIC-0732,CUST-0090,2024-12-17,Medium,Onboarding,10.6,5,Resolved,Support B
TIC-0733,CUST-0123,2024-10-19,Medium,Integration,10.9,5,Closed,Support C
TIC-0734,CUST-0148,2025-04-11,Low,Billing,24.3,5,Resolved,Support A
TIC-0735,CUST-0169,2025-11-13,High,Bug,9.4,5,Closed,Support A
TIC-0736,CUST-0034,2025-06-19,Low,Onboarding,15.4,5,Pending,Support D
TIC-0737,CUST-0187,2025-11-01,Medium,Feature Request,11.8,5,Closed,Support B
TIC-0738,CUST-0127,2025-10-25,Low,Billing,19.1,5,Closed,Support D
TIC-0739,CUST-0045,2024-03-23,Medium,Billing,13.1,5,Resolved,Support B
TIC-0740,CUST-0195,2024-02-22,High,Integration,5.2,5,Open,Support C
TIC-0741,CUST-0310,2024-06-07,Medium,Feature Request,14.7,5,Resolved,Support B
TIC-0742,CUST-0157,2026-03-05,Medium,Account Access,18.1,5,Resolved,Support B
TIC-0743,CUST-0259,2025-03-03,Low,Account Access,19.5,5,Resolved,Support D
TIC-0744,CUST-0197,2024-11-10,Urgent,Feature Request,0.5,5,Open,Support C
TIC-0745,CUST-0097,2024-03-24,High,Onboarding,7.4,3,Closed,Support A
TIC-0746,CUST-0015,2024-11-24,Low,Billing,18.2,4,Resolved,Support C
TIC-0747,CUST-0164,2025-12-14,High,Feature Request,17.1,5,Resolved,Support C
TIC-0748,CUST-0173,2025-09-28,Medium,Onboarding,17.3,5,Resolved,Support A
TIC-0749,CUST-0088,2025-03-01,Medium,Bug,18.7,5,Resolved,Support B
TIC-0750,CUST-0179,2025-08-18,High,Billing,10.0,4,Resolved,Support C
TIC-0751,CUST-0168,2025-08-19,High,Bug,10.7,5,Closed,Support B
TIC-0752,CUST-0148,2024-12-21,Medium,Onboarding,17.4,3,Pending,Support D
TIC-0753,CUST-0092,2026-04-10,Medium,Feature Request,14.5,5,Resolved,Support B
TIC-0754,CUST-0264,2025-02-25,Low,Onboarding,16.4,5,Pending,Support A
TIC-0755,CUST-0238,2024-09-19,Medium,Billing,18.5,3,Resolved,Support D
TIC-0756,CUST-0199,2024-08-25,High,Feature Request,13.8,4,Resolved,Support D
TIC-0757,CUST-0002,2024-07-04,Medium,Account Access,6.8,4,Resolved,Support C
TIC-0758,CUST-0038,2025-12-28,Medium,Bug,21.2,5,Resolved,Support D
TIC-0759,CUST-0020,2026-04-11,Low,Bug,25.3,5,Resolved,Support B
TIC-0760,CUST-0180,2024-04-07,Medium,Account Access,17.6,4,Resolved,Support C
TIC-0761,CUST-0023,2024-09-26,High,Account Access,7.6,4,Closed,Support B
TIC-0762,CUST-0126,2024-12-07,Medium,Onboarding,17.5,4,Pending,Support A
TIC-0763,CUST-0164,2026-01-11,Urgent,Bug,8.9,3,Pending,Support B
TIC-0764,CUST-0314,2024-01-18,Low,Feature Request,21.1,5,Closed,Support B
TIC-0765,CUST-0243,2025-01-07,High,Bug,9.4,5,Closed,Support D
TIC-0766,CUST-0288,2026-03-24,High,Account Access,10.2,4,Resolved,Support C
TIC-0767,CUST-0206,2024-09-02,Medium,Integration,9.4,4,Resolved,Support B
TIC-0768,CUST-0314,2025-07-31,High,Feature Request,7.4,5,Resolved,Support A
TIC-0769,CUST-0023,2024-12-19,High,Onboarding,8.3,5,Resolved,Support A
TIC-0770,CUST-0236,2025-09-30,Urgent,Bug,2.3,5,Resolved,Support C
TIC-0771,CUST-0006,2024-11-07,Low,Feature Request,24.3,4,Resolved,Support D
TIC-0772,CUST-0178,2026-03-11,Medium,Integration,14.7,5,Closed,Support A
TIC-0773,CUST-0204,2024-11-26,Medium,Onboarding,17.2,5,Closed,Support B
TIC-0774,CUST-0084,2024-07-25,Low,Bug,16.5,3,Resolved,Support A
TIC-0775,CUST-0205,2024-09-01,Medium,Integration,14.9,5,Closed,Support A
TIC-0776,CUST-0127,2025-01-25,High,Feature Request,9.7,5,Closed,Support A
TIC-0777,CUST-0155,2026-01-05,Low,Billing,22.3,4,Pending,Support B
TIC-0778,CUST-0111,2024-06-10,Medium,Account Access,13.7,5,Closed,Support A
TIC-0779,CUST-0139,2024-01-03,High,Bug,2.9,4,Pending,Support B
TIC-0780,CUST-0088,2024-10-21,Low,Bug,13.0,4,Pending,Support A
